product,role,profile,evidence_id,CRM,LOG,INV,DATA,DIAG,MOBILE,REPAIR,RECYCLE,SALE,FIN,ESG,PORT,LIFE,INT,PLUS
RecyclyERP,ERP,products/recycly.md,EVD-BENCH-001,Public benchmark domain,Public benchmark domain,Public benchmark domain,Not established,Not established,Not established,Not established,Not established,Public benchmark domain,Public benchmark domain,Public benchmark domain,Public benchmark domain,Not established,Public benchmark domain,Not established
RazorERP,ERP,products/razor.md,EVD-BENCH-002,Not established,Public benchmark domain,Public benchmark domain,Not established,Not established,Not established,Not established,Not established,Public benchmark domain,Public benchmark domain,Not established,Not established,Not established,Public benchmark domain,Not established
MAKOR ERP,ERP,products/makor.md,EVD-BENCH-003,Public benchmark domain,Public benchmark domain,Public benchmark domain,Public benchmark domain,Public benchmark domain,Not established,Public benchmark domain,Public benchmark domain,Public benchmark domain,Public benchmark domain,Not established,Public benchmark domain,Not established,Not established,Not established
reVESTED / The Vested Group,ERP,products/revested.md,EVD-BENCH-004,Public benchmark domain,Not established,Public benchmark domain,Not established,Not established,Not established,Public benchmark domain,Public benchmark domain,Not established,Public benchmark domain,Not established,Not established,Not established,Not established,Not established
Total Recall Envision / DHS Worldwide,ERP,products/total-recall.md,EVD-BENCH-005,Not established,Public benchmark domain,Public benchmark domain,Not established,Not established,Not established,Not established,Public benchmark domain,Not established,Public benchmark domain,Not established,Public benchmark domain,Not established,Not established,Not established
ITADCollect,ERP,products/itadcollect.md,EVD-BENCH-006,Public benchmark domain,Public benchmark domain,Public benchmark domain,Public benchmark domain,Not established,Not established,Not established,Not established,Public benchmark domain,Not established,Public benchmark domain,Public benchmark domain,Not established,Not established,Not established
Blancco,Erasure,products/blancco.md,EVD-BENCH-007,Not established,Not established,Not established,Public benchmark domain,Public benchmark domain,Not established,Not established,Not established,Not established,Not established,Not established,Not established,Not established,Public benchmark domain,Not established
BitRaser,Erasure,products/bitraser.md,EVD-BENCH-008,Not established,Not established,Not established,Public benchmark domain,Public benchmark domain,Not established,Not established,Not established,Not established,Not established,Not established,Not established,Not established,Public benchmark domain,Not established
Ziperase,Erasure,products/ziperase.md,EVD-BENCH-009,Not established,Not established,Not established,Public benchmark domain,Public benchmark domain,Not established,Not established,Not established,Not established,Not established,Not established,Not established,Not established,Public benchmark domain,Not established
YouWipe,Erasure,products/youwipe.md,EVD-BENCH-010,Not established,Not established,Not established,Public benchmark domain,Not established,Not established,Not established,Not established,Not established,Not established,Not established,Not established,Not established,Public benchmark domain,Not established
Certus,Erasure,products/certus.md,EVD-BENCH-011,Not established,Not established,Not established,Public benchmark domain,Not established,Not established,Not established,Not established,Not established,Not established,Not established,Not established,Not established,Public benchmark domain,Not established
Aiken Workbench,Erasure / refurbishment,products/aiken.md,EVD-BENCH-012,Not established,Not established,Not established,Public benchmark domain,Public benchmark domain,Not established,Public benchmark domain,Not established,Not established,Not established,Not established,Not established,Not established,Public benchmark domain,Not established
Ontrack / legacy Kroll Ontrack,Erasure,products/ontrack.md,EVD-BENCH-013,Not established,Not established,Not established,Public benchmark domain,Not established,Not established,Not established,Not established,Not established,Not established,Not established,Not established,Not established,Public benchmark domain,Not established
ZenAdmin,Lifecycle,products/zenadmin.md,EVD-BENCH-014,Not established,Public benchmark domain,Public benchmark domain,Not established,Not established,Not established,Not established,Not established,Not established,Not established,Not established,Not established,Public benchmark domain,Public benchmark domain,Not established
CellDe SmartSuite,Mobile,products/cellde.md,EVD-BENCH-015,Not established,Not established,Not established,Public benchmark domain,Public benchmark domain,Public benchmark domain,Not established,Not established,Not established,Not established,Not established,Not established,Not established,Public benchmark domain,Not established
NSYS Group,Mobile,products/nsys.md,EVD-BENCH-016,Not established,Not established,Public benchmark domain,Public benchmark domain,Public benchmark domain,Public benchmark domain,Not established,Not established,Public benchmark domain,Not established,Not established,Not established,Not established,Not established,Not established
Apkudo,Mobile / lifecycle,products/apkudo.md,EVD-BENCH-017,Not established,Public benchmark domain,Not established,Not established,Public benchmark domain,Public benchmark domain,Not established,Not established,Public benchmark domain,Not established,Not established,Not established,Public benchmark domain,Public benchmark domain,Not established
FutureDial,Mobile,products/futuredial.md,EVD-BENCH-018,Not established,Not established,Public benchmark domain,Not established,Public benchmark domain,Public benchmark domain,Not established,Not established,Not established,Not established,Not established,Not established,Not established,Public benchmark domain,Not established
MobiCode,Mobile,products/mobicode.md,EVD-BENCH-019,Not established,Not established,Not established,Public benchmark domain,Public benchmark domain,Public benchmark domain,Not established,Not established,Not established,Not established,Not established,Not established,Not established,Public benchmark domain,Not established
MIST Software,Refurbishment,products/mist.md,EVD-BENCH-020,Not established,Not established,Not established,Public benchmark domain,Public benchmark domain,Public benchmark domain,Public benchmark domain,Not established,Not established,Not established,Not established,Not established,Not established,Public benchmark domain,Not established
ServiceNow HAM,ITSM / ITAM,products/servicenow.md,EVD-BENCH-021,Not established,Not established,Not established,Not established,Not established,Not established,Not established,Not established,Not established,Not established,Not established,Not established,Public benchmark domain,Public benchmark domain,Not established
Jira Service Management Assets,ITSM / ITAM,products/jira.md,EVD-BENCH-022,Not established,Not established,Not established,Not established,Not established,Not established,Not established,Not established,Not established,Not established,Not established,Not established,Public benchmark domain,Public benchmark domain,Not established
Alloy Navigator,ITSM / ITAM,products/alloy.md,EVD-BENCH-023,Not established,Not established,Public benchmark domain,Not established,Not established,Not established,Not established,Not established,Not established,Not established,Not established,Not established,Public benchmark domain,Public benchmark domain,Not established
Ingram Micro BlueIQ,Client / ITAD platform,products/blueiq.md,EVD-BENCH-024,Not established,Not established,Public benchmark domain,Not established,Not established,Not established,Not established,Not established,Not established,Not established,Not established,Public benchmark domain,Not established,Public benchmark domain,Not established
Unduit,Lifecycle / client platform,products/unduit.md,EVD-BENCH-025,Not established,Public benchmark domain,Not established,Not established,Not established,Not established,Not established,Not established,Not established,Not established,Not established,Public benchmark domain,Public benchmark domain,Public benchmark domain,Not established
