id,domain,feature,acceptance,priority,delivery,status,benchmark_products
AFB-CRM-001,CRM,Customer hierarchy,"Keep organisation, sites and contacts separate; a job resolves to its original customer/site.",P1,Build,Proposed — implementation not audited,"recycly,makor,revested,itadcollect"
AFB-CRM-002,CRM,Lead pipeline,Move a lead through named stages with owner and next action.,P1,Build,Proposed — implementation not audited,"recycly,makor,revested,itadcollect"
AFB-CRM-003,CRM,Quote versioning,Accepting a quote freezes its price and terms while later edits create a new version.,P1,Build,Proposed — implementation not audited,"recycly,makor,revested,itadcollect"
AFB-CRM-004,CRM,Service price lists,Apply a dated customer price list and show the calculation.,P1,Build,Proposed — implementation not audited,"recycly,makor,revested,itadcollect"
AFB-CRM-005,CRM,Electronic acceptance,"Store signer identity, timestamp and accepted document hash.",P1,Build,Proposed — implementation not audited,"recycly,makor,revested,itadcollect"
AFB-CRM-006,CRM,Contract instructions,Job inherits contractual route restrictions and processing requirements.,P1,Build,Proposed — implementation not audited,"recycly,makor,revested,itadcollect"
AFB-CRM-007,CRM,Service-level tracking,Overdue work is flagged against a recorded contract deadline.,P1,Build,Proposed — implementation not audited,"recycly,makor,revested,itadcollect"
AFB-CRM-008,CRM,Follow-up tasks,Assigned follow-up appears in an operator queue and can be completed.,P1,Build,Proposed — implementation not audited,"recycly,makor,revested,itadcollect"
AFB-CRM-009,CRM,Consent-aware campaigns,An opted-out contact is excluded from sends with an auditable reason.,P1,Build,Proposed — implementation not audited,"recycly,makor,revested,itadcollect"
AFB-CRM-010,CRM,Customer profitability,"Show revenue, agreed deductions and recorded direct costs per customer.",P1,Build,Proposed — implementation not audited,"recycly,makor,revested,itadcollect"
AFB-CRM-011,CRM,Customer document library,Only authorised users can read the correct customer documents.,P1,Build,Proposed — implementation not audited,"recycly,makor,revested,itadcollect"
AFB-CRM-012,CRM,Sales commission rules,Recompute commission from a versioned rule and reconcile its basis.,P1,Build,Proposed — implementation not audited,"recycly,makor,revested,itadcollect"
AFB-LOG-001,LOG,Collection booking,Customer request creates a pending job without silently confirming unavailable capacity.,P1,Build + adapters,Proposed — implementation not audited,"recycly,razor,makor,total-recall,itadcollect,zenadmin,apkudo,unduit"
AFB-LOG-002,LOG,Expected manifests,Compare expected assets with actual received items and flag mismatches.,P1,Build + adapters,Proposed — implementation not audited,"recycly,razor,makor,total-recall,itadcollect,zenadmin,apkudo,unduit"
AFB-LOG-003,LOG,Multi-pickup orders,Several pickup visits link to one order without duplicate assets.,P1,Build + adapters,Proposed — implementation not audited,"recycly,razor,makor,total-recall,itadcollect,zenadmin,apkudo,unduit"
AFB-LOG-004,LOG,Driver/resource calendar,Reject conflicting vehicle or staff reservations.,P1,Build + adapters,Proposed — implementation not audited,"recycly,razor,makor,total-recall,itadcollect,zenadmin,apkudo,unduit"
AFB-LOG-005,LOG,Vehicle capacity,Show planned load against configured mass/volume limits.,P1,Build + adapters,Proposed — implementation not audited,"recycly,razor,makor,total-recall,itadcollect,zenadmin,apkudo,unduit"
AFB-LOG-006,LOG,Route optimisation,Compare suggested route with baseline using recorded distance and constraints.,P1,Build + adapters,Proposed — implementation not audited,"recycly,razor,makor,total-recall,itadcollect,zenadmin,apkudo,unduit"
AFB-LOG-007,LOG,Digital custody signature,Record releasing and accepting parties against a manifest snapshot.,P1,Build + adapters,Proposed — implementation not audited,"recycly,razor,makor,total-recall,itadcollect,zenadmin,apkudo,unduit"
AFB-LOG-008,LOG,Driver scan workflow,Scanned asset IDs reconcile to the visit manifest.,P1,Build + adapters,Proposed — implementation not audited,"recycly,razor,makor,total-recall,itadcollect,zenadmin,apkudo,unduit"
AFB-LOG-009,LOG,Seal tracking,"Each seal break or replacement records actor, time and reason.",P1,Build + adapters,Proposed — implementation not audited,"recycly,razor,makor,total-recall,itadcollect,zenadmin,apkudo,unduit"
AFB-LOG-010,LOG,Carrier booking,A provider booking creates one tracking reference despite retries.,P1,Build + adapters,Proposed — implementation not audited,"recycly,razor,makor,total-recall,itadcollect,zenadmin,apkudo,unduit"
AFB-LOG-011,LOG,Proof of delivery,Attach delivery evidence to the relevant shipment.,P1,Build + adapters,Proposed — implementation not audited,"recycly,razor,makor,total-recall,itadcollect,zenadmin,apkudo,unduit"
AFB-LOG-012,LOG,Recurring collections,Generate dated jobs without duplicating an existing scheduled instance.,P1,Build + adapters,Proposed — implementation not audited,"recycly,razor,makor,total-recall,itadcollect,zenadmin,apkudo,unduit"
AFB-LOG-013,LOG,Collection cancellation,Cancel a future visit without deleting its history.,P1,Build + adapters,Proposed — implementation not audited,"recycly,razor,makor,total-recall,itadcollect,zenadmin,apkudo,unduit"
AFB-LOG-014,LOG,Return packaging,"Track kits dispatched, returned and overdue by recovery request.",P1,Build + adapters,Proposed — implementation not audited,"recycly,razor,makor,total-recall,itadcollect,zenadmin,apkudo,unduit"
AFB-INV-001,INV,Canonical asset identity,Duplicate serial/IMEI suggestions require reconciliation rather than automatic merging.,P0,Build + hardware,Proposed — implementation not audited,"recycly,razor,makor,revested,total-recall,itadcollect,zenadmin,nsys,futuredial,alloy,blueiq"
AFB-INV-002,INV,Independent media identity,A removed drive remains traceable to its original and current device.,P0,Build + hardware,Proposed — implementation not audited,"recycly,razor,makor,revested,total-recall,itadcollect,zenadmin,nsys,futuredial,alloy,blueiq"
AFB-INV-003,INV,Nested containers,Asset-to-box-to-pallet relationships preserve moves and prevent cycles.,P0,Build + hardware,Proposed — implementation not audited,"recycly,razor,makor,revested,total-recall,itadcollect,zenadmin,nsys,futuredial,alloy,blueiq"
AFB-INV-004,INV,Dynamic attributes,"Value includes unit, source and observation time.",P0,Build + hardware,Proposed — implementation not audited,"recycly,razor,makor,revested,total-recall,itadcollect,zenadmin,nsys,futuredial,alloy,blueiq"
AFB-INV-005,INV,Barcode and QR labels,Scan printed identifier back to the exact record.,P0,Build + hardware,Proposed — implementation not audited,"recycly,razor,makor,revested,total-recall,itadcollect,zenadmin,nsys,futuredial,alloy,blueiq"
AFB-INV-006,INV,Bulk receiving,Receive quantity/weight lots without inventing serialised devices.,P0,Build + hardware,Proposed — implementation not audited,"recycly,razor,makor,revested,total-recall,itadcollect,zenadmin,nsys,futuredial,alloy,blueiq"
AFB-INV-007,INV,Bin transfers,A scan creates a location event and updates the current location atomically.,P0,Build + hardware,Proposed — implementation not audited,"recycly,razor,makor,revested,total-recall,itadcollect,zenadmin,nsys,futuredial,alloy,blueiq"
AFB-INV-008,INV,Multi-site stock,Cross-site movement has dispatch and receiving confirmation.,P0,Build + hardware,Proposed — implementation not audited,"recycly,razor,makor,revested,total-recall,itadcollect,zenadmin,nsys,futuredial,alloy,blueiq"
AFB-INV-009,INV,Customer segregation,Container rules reject mixing when the contract prohibits it.,P0,Build + hardware,Proposed — implementation not audited,"recycly,razor,makor,revested,total-recall,itadcollect,zenadmin,nsys,futuredial,alloy,blueiq"
AFB-INV-010,INV,Inventory reservations,Two orders cannot reserve the same serialised asset.,P0,Build + hardware,Proposed — implementation not audited,"recycly,razor,makor,revested,total-recall,itadcollect,zenadmin,nsys,futuredial,alloy,blueiq"
AFB-INV-011,INV,Cycle counting,"Count discrepancies create reviewable adjustments, not silent overwrites.",P0,Build + hardware,Proposed — implementation not audited,"recycly,razor,makor,revested,total-recall,itadcollect,zenadmin,nsys,futuredial,alloy,blueiq"
AFB-INV-012,INV,Stock ageing,Age is computed from recorded receipt date and can drive a queue.,P0,Build + hardware,Proposed — implementation not audited,"recycly,razor,makor,revested,total-recall,itadcollect,zenadmin,nsys,futuredial,alloy,blueiq"
AFB-INV-013,INV,Scale capture,"Retain raw reading, unit, tare and scale identity.",P0,Build + hardware,Proposed — implementation not audited,"recycly,razor,makor,revested,total-recall,itadcollect,zenadmin,nsys,futuredial,alloy,blueiq"
AFB-INV-014,INV,SKU classification,A stock SKU does not erase a unit serial identity.,P0,Build + hardware,Proposed — implementation not audited,"recycly,razor,makor,revested,total-recall,itadcollect,zenadmin,nsys,futuredial,alloy,blueiq"
AFB-INV-015,INV,Minimum stock replenishment,Low stock suggests a purchase order and requires configured approval.,P0,Build + hardware,Proposed — implementation not audited,"recycly,razor,makor,revested,total-recall,itadcollect,zenadmin,nsys,futuredial,alloy,blueiq"
AFB-INV-016,INV,Missing asset reconciliation,Missing status opens an exception without declaring destruction.,P0,Build + hardware,Proposed — implementation not audited,"recycly,razor,makor,revested,total-recall,itadcollect,zenadmin,nsys,futuredial,alloy,blueiq"
AFB-DATA-001,DATA,Data-bearing assessment,Unknown media status blocks release until resolved.,P0,Build + erasure engines,Proposed — implementation not audited,"makor,itadcollect,blancco,bitraser,ziperase,youwipe,certus,aiken,ontrack,cellde,nsys,mobicode,mist"
AFB-DATA-002,DATA,Versioned sanitisation policy,"Job records sensitivity, selected standard/version and allowed technique.",P0,Build + erasure engines,Proposed — implementation not audited,"makor,itadcollect,blancco,bitraser,ziperase,youwipe,certus,aiken,ontrack,cellde,nsys,mobicode,mist"
AFB-DATA-003,DATA,Clear/Purge/Destroy classification,Store outcome separately from the product name or certificate title.,P0,Build + erasure engines,Proposed — implementation not audited,"makor,itadcollect,blancco,bitraser,ziperase,youwipe,certus,aiken,ontrack,cellde,nsys,mobicode,mist"
AFB-DATA-004,DATA,Engine-neutral jobs,"Requested action records media ID, policy, engine/version and authorisation.",P0,Build + erasure engines,Proposed — implementation not audited,"makor,itadcollect,blancco,bitraser,ziperase,youwipe,certus,aiken,ontrack,cellde,nsys,mobicode,mist"
AFB-DATA-005,DATA,Authentic report ingestion,Retain unmodified original bytes and reject an unmatched serial result.,P0,Build + erasure engines,Proposed — implementation not audited,"makor,itadcollect,blancco,bitraser,ziperase,youwipe,certus,aiken,ontrack,cellde,nsys,mobicode,mist"
AFB-DATA-006,DATA,Signed report validation,Show valid/invalid/unverifiable signature states separately.,P0,Build + erasure engines,Proposed — implementation not audited,"makor,itadcollect,blancco,bitraser,ziperase,youwipe,certus,aiken,ontrack,cellde,nsys,mobicode,mist"
AFB-DATA-007,DATA,Independent verification,Separate engine completion from verification evidence and reviewer validation.,P0,Build + erasure engines,Proposed — implementation not audited,"makor,itadcollect,blancco,bitraser,ziperase,youwipe,certus,aiken,ontrack,cellde,nsys,mobicode,mist"
AFB-DATA-008,DATA,Failed wipe quarantine,A failed or incomplete wipe cannot unlock sale/donation.,P0,Build + erasure engines,Proposed — implementation not audited,"makor,itadcollect,blancco,bitraser,ziperase,youwipe,certus,aiken,ontrack,cellde,nsys,mobicode,mist"
AFB-DATA-009,DATA,Retry lineage,New attempts retain all failed attempts and policy changes.,P0,Build + erasure engines,Proposed — implementation not audited,"makor,itadcollect,blancco,bitraser,ziperase,youwipe,certus,aiken,ontrack,cellde,nsys,mobicode,mist"
AFB-DATA-010,DATA,Physical destruction evidence,"Link media identity, method, operator/witness and downstream proof.",P0,Build + erasure engines,Proposed — implementation not audited,"makor,itadcollect,blancco,bitraser,ziperase,youwipe,certus,aiken,ontrack,cellde,nsys,mobicode,mist"
AFB-DATA-011,DATA,Multi-drive accounting,Release requires a resolved outcome for every originally detected medium.,P0,Build + erasure engines,Proposed — implementation not audited,"makor,itadcollect,blancco,bitraser,ziperase,youwipe,certus,aiken,ontrack,cellde,nsys,mobicode,mist"
AFB-DATA-012,DATA,SSD technique compatibility,"Unsupported sanitisation capability produces review, not a success certificate.",P0,Build + erasure engines,Proposed — implementation not audited,"makor,itadcollect,blancco,bitraser,ziperase,youwipe,certus,aiken,ontrack,cellde,nsys,mobicode,mist"
AFB-DATA-013,DATA,Cryptographic erase evidence,Record applicable prerequisites and method evidence; do not assume encryption is sufficient.,P0,Build + erasure engines,Proposed — implementation not audited,"makor,itadcollect,blancco,bitraser,ziperase,youwipe,certus,aiken,ontrack,cellde,nsys,mobicode,mist"
AFB-DATA-014,DATA,RAID topology,Record members and media identity before dismantling.,P0,Build + erasure engines,Proposed — implementation not audited,"makor,itadcollect,blancco,bitraser,ziperase,youwipe,certus,aiken,ontrack,cellde,nsys,mobicode,mist"
AFB-DATA-015,DATA,Parallel batch processing,Each drive gets an independent result even if the batch partly fails.,P0,Build + erasure engines,Proposed — implementation not audited,"makor,itadcollect,blancco,bitraser,ziperase,youwipe,certus,aiken,ontrack,cellde,nsys,mobicode,mist"
AFB-DATA-016,DATA,Offline erasure workflow,Synchronise original result evidence without changing its execution timestamps.,P0,Build + erasure engines,Proposed — implementation not audited,"makor,itadcollect,blancco,bitraser,ziperase,youwipe,certus,aiken,ontrack,cellde,nsys,mobicode,mist"
AFB-DATA-017,DATA,Certificate version/revocation,Superseding a certificate preserves old version and revocation reason.,P0,Build + erasure engines,Proposed — implementation not audited,"makor,itadcollect,blancco,bitraser,ziperase,youwipe,certus,aiken,ontrack,cellde,nsys,mobicode,mist"
AFB-DATA-018,DATA,Certificate verification page,Expose limited verification status without private customer or device data.,P0,Build + erasure engines,Proposed — implementation not audited,"makor,itadcollect,blancco,bitraser,ziperase,youwipe,certus,aiken,ontrack,cellde,nsys,mobicode,mist"
AFB-DATA-019,DATA,Licence consumption accounting,Track engine events/costs and reconcile vendor balance.,P0,Build + erasure engines,Proposed — implementation not audited,"makor,itadcollect,blancco,bitraser,ziperase,youwipe,certus,aiken,ontrack,cellde,nsys,mobicode,mist"
AFB-DATA-020,DATA,Selective file-erasure distinction,A file-erasure result cannot satisfy a whole-media release policy.,P0,Build + erasure engines,Proposed — implementation not audited,"makor,itadcollect,blancco,bitraser,ziperase,youwipe,certus,aiken,ontrack,cellde,nsys,mobicode,mist"
AFB-DIAG-001,DIAG,Hardware discovery,Import observed CPU/RAM/storage identities with discovery source/version.,P1,Build + workstation adapters,Proposed — implementation not audited,"makor,blancco,bitraser,ziperase,aiken,cellde,nsys,apkudo,futuredial,mobicode,mist"
AFB-DIAG-002,DIAG,SMART health,Retain raw health report and distinguish unsupported from healthy.,P1,Build + workstation adapters,Proposed — implementation not audited,"makor,blancco,bitraser,ziperase,aiken,cellde,nsys,apkudo,futuredial,mobicode,mist"
AFB-DIAG-003,DIAG,Battery health,"Store design/full capacity, cycle count, date and test method.",P1,Build + workstation adapters,Proposed — implementation not audited,"makor,blancco,bitraser,ziperase,aiken,cellde,nsys,apkudo,futuredial,mobicode,mist"
AFB-DIAG-004,DIAG,Keyboard tests,"Record per-key failures, layout and operator interaction.",P1,Build + workstation adapters,Proposed — implementation not audited,"makor,blancco,bitraser,ziperase,aiken,cellde,nsys,apkudo,futuredial,mobicode,mist"
AFB-DIAG-005,DIAG,Display tests,"Record dead pixels, image faults and cosmetic observations separately.",P1,Build + workstation adapters,Proposed — implementation not audited,"makor,blancco,bitraser,ziperase,aiken,cellde,nsys,apkudo,futuredial,mobicode,mist"
AFB-DIAG-006,DIAG,Audio/microphone tests,Record each component result and supporting observations.,P1,Build + workstation adapters,Proposed — implementation not audited,"makor,blancco,bitraser,ziperase,aiken,cellde,nsys,apkudo,futuredial,mobicode,mist"
AFB-DIAG-007,DIAG,Camera tests,Store functional result without retaining customer images.,P1,Build + workstation adapters,Proposed — implementation not audited,"makor,blancco,bitraser,ziperase,aiken,cellde,nsys,apkudo,futuredial,mobicode,mist"
AFB-DIAG-008,DIAG,Port/network tests,Each required interface has pass/fail/not-tested state.,P1,Build + workstation adapters,Proposed — implementation not audited,"makor,blancco,bitraser,ziperase,aiken,cellde,nsys,apkudo,futuredial,mobicode,mist"
AFB-DIAG-009,DIAG,Memory/CPU stability,"Retain duration, workload and measured results.",P1,Build + workstation adapters,Proposed — implementation not audited,"makor,blancco,bitraser,ziperase,aiken,cellde,nsys,apkudo,futuredial,mobicode,mist"
AFB-DIAG-010,DIAG,Thermal checks,Configured limits identify overheating with recorded conditions.,P1,Build + workstation adapters,Proposed — implementation not audited,"makor,blancco,bitraser,ziperase,aiken,cellde,nsys,apkudo,futuredial,mobicode,mist"
AFB-DIAG-011,DIAG,Before/after audit,Compare repair changes without overwriting original specifications.,P1,Build + workstation adapters,Proposed — implementation not audited,"makor,blancco,bitraser,ziperase,aiken,cellde,nsys,apkudo,futuredial,mobicode,mist"
AFB-DIAG-012,DIAG,Custom test profiles,Model/category profile defines mandatory checks.,P1,Build + workstation adapters,Proposed — implementation not audited,"makor,blancco,bitraser,ziperase,aiken,cellde,nsys,apkudo,futuredial,mobicode,mist"
AFB-DIAG-013,DIAG,Test evidence provenance,Automated and manual results identify their producer.,P1,Build + workstation adapters,Proposed — implementation not audited,"makor,blancco,bitraser,ziperase,aiken,cellde,nsys,apkudo,futuredial,mobicode,mist"
AFB-DIAG-014,DIAG,Independent final QA,A reviewer can fail a unit despite earlier successful tests.,P1,Build + workstation adapters,Proposed — implementation not audited,"makor,blancco,bitraser,ziperase,aiken,cellde,nsys,apkudo,futuredial,mobicode,mist"
AFB-MOBILE-001,MOBILE,IMEI/serial discovery,Reconcile identifiers and retain source of each observation.,P2,Build + paid/service/hardware adapters,Proposed — implementation not audited,"cellde,nsys,apkudo,futuredial,mobicode,mist"
AFB-MOBILE-002,MOBILE,Lost/stolen checks,"Store provider, lookup time and regional coverage; unknown is not clear.",P2,Build + paid/service/hardware adapters,Proposed — implementation not audited,"cellde,nsys,apkudo,futuredial,mobicode,mist"
AFB-MOBILE-003,MOBILE,Activation-lock checks,Locked or unverified result blocks resale.,P2,Build + paid/service/hardware adapters,Proposed — implementation not audited,"cellde,nsys,apkudo,futuredial,mobicode,mist"
AFB-MOBILE-004,MOBILE,Owner release workflow,Store authorised deregistration request and later confirmation.,P2,Build + paid/service/hardware adapters,Proposed — implementation not audited,"cellde,nsys,apkudo,futuredial,mobicode,mist"
AFB-MOBILE-005,MOBILE,SIM/network restrictions,Represent carrier unlock independently from activation/ownership locks.,P2,Build + paid/service/hardware adapters,Proposed — implementation not audited,"cellde,nsys,apkudo,futuredial,mobicode,mist"
AFB-MOBILE-006,MOBILE,Removable card detection,Account for inserted SIM and memory cards without accessing customer content.,P2,Build + paid/service/hardware adapters,Proposed — implementation not audited,"cellde,nsys,apkudo,futuredial,mobicode,mist"
AFB-MOBILE-007,MOBILE,Mobile functional tests,"Profile covers touch, sensors, radios and charging with per-test evidence.",P2,Build + paid/service/hardware adapters,Proposed — implementation not audited,"cellde,nsys,apkudo,futuredial,mobicode,mist"
AFB-MOBILE-008,MOBILE,Mobile battery grading,Retain battery reading and applicable threshold version.,P2,Build + paid/service/hardware adapters,Proposed — implementation not audited,"cellde,nsys,apkudo,futuredial,mobicode,mist"
AFB-MOBILE-009,MOBILE,USB parallel processing,Each port maps to a stable device ID and separate operation outcome.,P2,Build + paid/service/hardware adapters,Proposed — implementation not audited,"cellde,nsys,apkudo,futuredial,mobicode,mist"
AFB-MOBILE-010,MOBILE,Cosmetic AI assistance,"Save model/version, source images and confidence; permit audited correction.",P2,Build + paid/service/hardware adapters,Proposed — implementation not audited,"cellde,nsys,apkudo,futuredial,mobicode,mist"
AFB-MOBILE-011,MOBILE,Trade-in quote,Final verified grade changes offer only through visible customer acceptance.,P2,Build + paid/service/hardware adapters,Proposed — implementation not audited,"cellde,nsys,apkudo,futuredial,mobicode,mist"
AFB-MOBILE-012,MOBILE,Buyback transaction,"Record ownership authority, accepted offer and payment reference.",P2,Build + paid/service/hardware adapters,Proposed — implementation not audited,"cellde,nsys,apkudo,futuredial,mobicode,mist"
AFB-MOBILE-013,MOBILE,Retail self-assessment,Self-reported condition is explicitly provisional.,P2,Build + paid/service/hardware adapters,Proposed — implementation not audited,"cellde,nsys,apkudo,futuredial,mobicode,mist"
AFB-MOBILE-014,MOBILE,OEM part verification,Unsupported provenance is unknown rather than original.,P2,Build + paid/service/hardware adapters,Proposed — implementation not audited,"cellde,nsys,apkudo,futuredial,mobicode,mist"
AFB-MOBILE-015,MOBILE,Smartwatch support,Enable a model only when its discovery/test/erasure adapter has coverage evidence.,P2,Build + paid/service/hardware adapters,Proposed — implementation not audited,"cellde,nsys,apkudo,futuredial,mobicode,mist"
AFB-MOBILE-016,MOBILE,Authorised content transfer,Separate consent and transfer scope from sanitisation; avoid default migration.,P2,Build + paid/service/hardware adapters,Proposed — implementation not audited,"cellde,nsys,apkudo,futuredial,mobicode,mist"
AFB-REPAIR-001,REPAIR,Repair work orders,"Record fault, plan, assigned technician and parts/labour.",P1,Build + imaging adapters,Proposed — implementation not audited,"makor,revested,aiken,mist"
AFB-REPAIR-002,REPAIR,Repair economics,"Compare forecast uplift with labour, parts, fees and warranty allowance.",P1,Build + imaging adapters,Proposed — implementation not audited,"makor,revested,aiken,mist"
AFB-REPAIR-003,REPAIR,Parts harvesting,Every harvested part links to source asset and any data-bearing assessment.,P1,Build + imaging adapters,Proposed — implementation not audited,"makor,revested,aiken,mist"
AFB-REPAIR-004,REPAIR,Parts installation lineage,Track source part into destination and retain removal history.,P1,Build + imaging adapters,Proposed — implementation not audited,"makor,revested,aiken,mist"
AFB-REPAIR-005,REPAIR,Parts compatibility,Unsupported substitution requires a visible review.,P1,Build + imaging adapters,Proposed — implementation not audited,"makor,revested,aiken,mist"
AFB-REPAIR-006,REPAIR,Bench work queue,Order eligible tasks by priority without bypassing release controls.,P1,Build + imaging adapters,Proposed — implementation not audited,"makor,revested,aiken,mist"
AFB-REPAIR-007,REPAIR,Functional/cosmetic grades,Grades are separate and refer to a versioned rubric.,P1,Build + imaging adapters,Proposed — implementation not audited,"makor,revested,aiken,mist"
AFB-REPAIR-008,REPAIR,Completeness grading,Missing chargers/accessories visibly affect the listing.,P1,Build + imaging adapters,Proposed — implementation not audited,"makor,revested,aiken,mist"
AFB-REPAIR-009,REPAIR,Repair outcome QA,Completed repair remains unsaleable until required retests pass.,P1,Build + imaging adapters,Proposed — implementation not audited,"makor,revested,aiken,mist"
AFB-REPAIR-010,REPAIR,OS imaging,Record image hash/version and deployment result against device.,P1,Build + imaging adapters,Proposed — implementation not audited,"makor,revested,aiken,mist"
AFB-REPAIR-011,REPAIR,Driver provisioning,Retain driver source/version and post-install test results.,P1,Build + imaging adapters,Proposed — implementation not audited,"makor,revested,aiken,mist"
AFB-REPAIR-012,REPAIR,Refurbisher licence tracking,Apply keys only under valid programme entitlement; record private references.,P1,Build + imaging adapters,Proposed — implementation not audited,"makor,revested,aiken,mist"
AFB-REPAIR-013,REPAIR,Chromebook support horizon,Store evidenced support-end date and disclose it in the sale.,P1,Build + imaging adapters,Proposed — implementation not audited,"makor,revested,aiken,mist"
AFB-REPAIR-014,REPAIR,Autopilot/MDM detection,Registration unknown/locked blocks normal resale until authorised release.,P1,Build + imaging adapters,Proposed — implementation not audited,"makor,revested,aiken,mist"
AFB-RECYCLE-001,RECYCLE,Lot splitting,Child weights/quantities reconcile to parent with explicit residuals.,P1,Build + downstream integrations,Proposed — implementation not audited,"makor,revested,total-recall"
AFB-RECYCLE-002,RECYCLE,Mass balance,"Input, output and loss reconcile within a versioned tolerance.",P1,Build + downstream integrations,Proposed — implementation not audited,"makor,revested,total-recall"
AFB-RECYCLE-003,RECYCLE,Commodity classification,Material class and contamination notes accompany measured weight.,P1,Build + downstream integrations,Proposed — implementation not audited,"makor,revested,total-recall"
AFB-RECYCLE-004,RECYCLE,Teardown thresholds,Recommend processing batches using recorded capacity and commodity rules.,P1,Build + downstream integrations,Proposed — implementation not audited,"makor,revested,total-recall"
AFB-RECYCLE-005,RECYCLE,Baling/shredding records,Output batch refers back to the input lots and processing event.,P1,Build + downstream integrations,Proposed — implementation not audited,"makor,revested,total-recall"
AFB-RECYCLE-006,RECYCLE,Downstream vendor register,Capability and due-diligence evidence have owners and expiry dates.,P1,Build + downstream integrations,Proposed — implementation not audited,"makor,revested,total-recall"
AFB-RECYCLE-007,RECYCLE,Route eligibility,Expired/unsupported destination is excluded from automatic recommendation.,P1,Build + downstream integrations,Proposed — implementation not audited,"makor,revested,total-recall"
AFB-RECYCLE-008,RECYCLE,Outbound manifests,Freeze shipment contents/weights with a customer-safe copy.,P1,Build + downstream integrations,Proposed — implementation not audited,"makor,revested,total-recall"
AFB-RECYCLE-009,RECYCLE,Downstream receipt reconciliation,Compare received weight with shipped weight and open discrepancy.,P1,Build + downstream integrations,Proposed — implementation not audited,"makor,revested,total-recall"
AFB-RECYCLE-010,RECYCLE,Final outcome confirmation,Dispatch alone cannot establish final recycling or destruction.,P1,Build + downstream integrations,Proposed — implementation not audited,"makor,revested,total-recall"
AFB-RECYCLE-011,RECYCLE,Recycling certificates,State evidenced scope and exclude unresolved destinations.,P1,Build + downstream integrations,Proposed — implementation not audited,"makor,revested,total-recall"
AFB-RECYCLE-012,RECYCLE,Hazard segregation,Battery or other hazard flag restricts permitted handling/storage route.,P1,Build + downstream integrations,Proposed — implementation not audited,"makor,revested,total-recall"
AFB-SALE-001,SALE,Evidence-based listings,"Published specification, defects and grade match released unit.",P1,Build + marketplace adapters,Proposed — implementation not audited,"recycly,razor,makor,itadcollect,nsys,apkudo"
AFB-SALE-002,SALE,Retail/wholesale channels,Allocate inventory to channel with explicit reservation.,P1,Build + marketplace adapters,Proposed — implementation not audited,"recycly,razor,makor,itadcollect,nsys,apkudo"
AFB-SALE-003,SALE,Marketplace synchronisation,A sale removes availability elsewhere without double-selling.,P1,Build + marketplace adapters,Proposed — implementation not audited,"recycly,razor,makor,itadcollect,nsys,apkudo"
AFB-SALE-004,SALE,Own storefront,Customer sees availability and documented device condition.,P1,Build + marketplace adapters,Proposed — implementation not audited,"recycly,razor,makor,itadcollect,nsys,apkudo"
AFB-SALE-005,SALE,Bid list generation,Export selected eligible units without private donor details.,P1,Build + marketplace adapters,Proposed — implementation not audited,"recycly,razor,makor,itadcollect,nsys,apkudo"
AFB-SALE-006,SALE,Pricing/devaluation templates,Explain base value and each versioned deduction.,P1,Build + marketplace adapters,Proposed — implementation not audited,"recycly,razor,makor,itadcollect,nsys,apkudo"
AFB-SALE-007,SALE,Market valuation history,Store observed comps/date rather than inventing a live price.,P1,Build + marketplace adapters,Proposed — implementation not audited,"recycly,razor,makor,itadcollect,nsys,apkudo"
AFB-SALE-008,SALE,POS sales,Invoice and stock release record the sold serial.,P1,Build + marketplace adapters,Proposed — implementation not audited,"recycly,razor,makor,itadcollect,nsys,apkudo"
AFB-SALE-009,SALE,Consignment ownership,Track beneficial owner and agreed settlement rules.,P1,Build + marketplace adapters,Proposed — implementation not audited,"recycly,razor,makor,itadcollect,nsys,apkudo"
AFB-SALE-010,SALE,Pick/pack verification,Wrong serial scan blocks fulfilment.,P1,Build + marketplace adapters,Proposed — implementation not audited,"recycly,razor,makor,itadcollect,nsys,apkudo"
AFB-SALE-011,SALE,Shipping rates/labels,Label references actual package and recorded service choice.,P1,Build + marketplace adapters,Proposed — implementation not audited,"recycly,razor,makor,itadcollect,nsys,apkudo"
AFB-SALE-012,SALE,Delivery tracking,Provider updates retain event history.,P1,Build + marketplace adapters,Proposed — implementation not audited,"recycly,razor,makor,itadcollect,nsys,apkudo"
AFB-SALE-013,SALE,Returns/RMA,Returned serial reconciles to sale and gets a fresh processing assessment.,P1,Build + marketplace adapters,Proposed — implementation not audited,"recycly,razor,makor,itadcollect,nsys,apkudo"
AFB-SALE-014,SALE,Warranty claims,"Track claim, outcome and cost without deleting sale history.",P1,Build + marketplace adapters,Proposed — implementation not audited,"recycly,razor,makor,itadcollect,nsys,apkudo"
AFB-SALE-015,SALE,Return substitution detection,Serial mismatch raises review with evidence.,P1,Build + marketplace adapters,Proposed — implementation not audited,"recycly,razor,makor,itadcollect,nsys,apkudo"
AFB-SALE-016,SALE,Donation/redeployment,Recipient eligibility and final release evidence are recorded.,P1,Build + marketplace adapters,Proposed — implementation not audited,"recycly,razor,makor,itadcollect,nsys,apkudo"
AFB-FIN-001,FIN,Service fee calculation,Invoice explains unit/weight/time fees and contractual basis.,P2,Build + accounting adapters,Proposed — implementation not audited,"recycly,razor,makor,revested,total-recall"
AFB-FIN-002,FIN,Profit-share settlements,Deduct only agreed cost types and reproduce each owner payout.,P2,Build + accounting adapters,Proposed — implementation not audited,"recycly,razor,makor,revested,total-recall"
AFB-FIN-003,FIN,Settlement approval,Versioned settlement cannot be paid before the required approval.,P2,Build + accounting adapters,Proposed — implementation not audited,"recycly,razor,makor,revested,total-recall"
AFB-FIN-004,FIN,Invoice accounting sync,Retry cannot create a duplicate accounting invoice.,P2,Build + accounting adapters,Proposed — implementation not audited,"recycly,razor,makor,revested,total-recall"
AFB-FIN-005,FIN,Payment reconciliation,Payment updates reference the correct invoice and currency.,P2,Build + accounting adapters,Proposed — implementation not audited,"recycly,razor,makor,revested,total-recall"
AFB-FIN-006,FIN,Purchase orders,Receipt and supplier invoice reconcile to approved order.,P2,Build + accounting adapters,Proposed — implementation not audited,"recycly,razor,makor,revested,total-recall"
AFB-FIN-007,FIN,Credit/refund records,Refund links to original invoice and return outcome.,P2,Build + accounting adapters,Proposed — implementation not audited,"recycly,razor,makor,revested,total-recall"
AFB-FIN-008,FIN,Multi-currency support,"Record original currency, rate source/date and converted amount.",P2,Build + accounting adapters,Proposed — implementation not audited,"recycly,razor,makor,revested,total-recall"
AFB-FIN-009,FIN,Australian tax configuration,Accountant-approved tax rules are explicit and testable.,P2,Build + accounting adapters,Proposed — implementation not audited,"recycly,razor,makor,revested,total-recall"
AFB-FIN-010,FIN,Cost allocation,Shared logistics/labour costs use a visible versioned allocation method.,P2,Build + accounting adapters,Proposed — implementation not audited,"recycly,razor,makor,revested,total-recall"
AFB-FIN-011,FIN,Customer/asset profit reporting,Separate realised proceeds from forecast valuation.,P2,Build + accounting adapters,Proposed — implementation not audited,"recycly,razor,makor,revested,total-recall"
AFB-FIN-012,FIN,Aged receivables,Age unpaid balances and record follow-up actions.,P2,Build + accounting adapters,Proposed — implementation not audited,"recycly,razor,makor,revested,total-recall"
AFB-ESG-001,ESG,Outcome-based impact,"Report reuse, donation and recycling separately using confirmed outcomes.",P2,Build,Proposed — implementation not audited,"recycly,itadcollect"
AFB-ESG-002,ESG,Versioned factors,"Factor value includes source, scope, unit and methodology date.",P2,Build,Proposed — implementation not audited,"recycly,itadcollect"
AFB-ESG-003,ESG,Transport emissions,Keep logistics contribution visible rather than silently ignoring it.,P2,Build,Proposed — implementation not audited,"recycly,itadcollect"
AFB-ESG-004,ESG,Avoided-emissions estimates,Label estimates and retain the counterfactual assumption.,P2,Build,Proposed — implementation not audited,"recycly,itadcollect"
AFB-ESG-005,ESG,No double counting,An asset contributes once to the applicable confirmed impact metric.,P2,Build,Proposed — implementation not audited,"recycly,itadcollect"
AFB-ESG-006,ESG,Customer impact dashboard,Customer sees only its own jobs and an explanation of calculations.,P2,Build,Proposed — implementation not audited,"recycly,itadcollect"
AFB-ESG-007,ESG,Uncertainty reporting,Missing weights/factors appear as gaps instead of fabricated zeros.,P2,Build,Proposed — implementation not audited,"recycly,itadcollect"
AFB-ESG-008,ESG,Repair/reuse lifespan,Record observed follow-up separately from assumed extended life.,P2,Build,Proposed — implementation not audited,"recycly,itadcollect"
AFB-PORT-001,PORT,Tenant-isolated client access,Customer A cannot access customer B by altering URL or identifier.,P2,Build,Proposed — implementation not audited,"recycly,makor,total-recall,itadcollect,blueiq,unduit"
AFB-PORT-002,PORT,Role-specific reports,Hide operator margins and sensitive evidence from client views.,P2,Build,Proposed — implementation not audited,"recycly,makor,total-recall,itadcollect,blueiq,unduit"
AFB-PORT-003,PORT,Collection amendment cutoff,"After pickup, amendments become auditable change requests.",P2,Build,Proposed — implementation not audited,"recycly,makor,total-recall,itadcollect,blueiq,unduit"
AFB-PORT-004,PORT,Live status timeline,"Display actual recorded events, not estimated completion as fact.",P2,Build,Proposed — implementation not audited,"recycly,makor,total-recall,itadcollect,blueiq,unduit"
AFB-PORT-005,PORT,Document downloads,Download permission follows document/customer ownership.,P2,Build,Proposed — implementation not audited,"recycly,makor,total-recall,itadcollect,blueiq,unduit"
AFB-PORT-006,PORT,Client feedback/comments,Comment links to exact job and has a visible author.,P2,Build,Proposed — implementation not audited,"recycly,makor,total-recall,itadcollect,blueiq,unduit"
AFB-PORT-007,PORT,Knowledgebase/SOP versions,Operator acknowledgement references the published version.,P2,Build,Proposed — implementation not audited,"recycly,makor,total-recall,itadcollect,blueiq,unduit"
AFB-PORT-008,PORT,Accessible mobile portal,Core tasks work with keyboard and narrow screens.,P2,Build,Proposed — implementation not audited,"recycly,makor,total-recall,itadcollect,blueiq,unduit"
AFB-LIFE-001,LIFE,Employee recovery requests,Departure event creates a recoverable-device task with authority.,P3,Build + customer integrations,Proposed — implementation not audited,"zenadmin,apkudo,servicenow,jira,alloy,unduit"
AFB-LIFE-002,LIFE,Retrieval escalation,Late return creates follow-up without declaring asset lost.,P3,Build + customer integrations,Proposed — implementation not audited,"zenadmin,apkudo,servicenow,jira,alloy,unduit"
AFB-LIFE-003,LIFE,Device redeployment stock,Customer-owned stock remains distinct from resale-owned stock.,P3,Build + customer integrations,Proposed — implementation not audited,"zenadmin,apkudo,servicenow,jira,alloy,unduit"
AFB-LIFE-004,LIFE,Procurement handoff,New equipment order relates to the replacement/retirement cycle.,P3,Build + customer integrations,Proposed — implementation not audited,"zenadmin,apkudo,servicenow,jira,alloy,unduit"
AFB-LIFE-005,LIFE,HR/IdP event integration,Duplicate offboarding events create only one request.,P3,Build + customer integrations,Proposed — implementation not audited,"zenadmin,apkudo,servicenow,jira,alloy,unduit"
AFB-LIFE-006,LIFE,MDM release coordination,Track authorised deregistration and confirmation; no lock bypass.,P3,Build + customer integrations,Proposed — implementation not audited,"zenadmin,apkudo,servicenow,jira,alloy,unduit"
AFB-LIFE-007,LIFE,Equipment loans,Checkout and return preserve responsible person and due date.,P3,Build + customer integrations,Proposed — implementation not audited,"zenadmin,apkudo,servicenow,jira,alloy,unduit"
AFB-LIFE-008,LIFE,Remote support handoff,Ticket relates to asset without making remote control an implicit default.,P3,Build + customer integrations,Proposed — implementation not audited,"zenadmin,apkudo,servicenow,jira,alloy,unduit"
AFB-INT-001,INT,Documented API,Versioned schema validates request/response fields.,P1,Build + external adapters,Proposed — implementation not audited,"recycly,razor,blancco,bitraser,ziperase,youwipe,certus,aiken,ontrack,zenadmin,cellde,apkudo,futuredial,mobicode,mist,servicenow,jira,alloy,blueiq,unduit"
AFB-INT-002,INT,Signed webhooks,Reject invalid signature and stale/replayed event.,P1,Build + external adapters,Proposed — implementation not audited,"recycly,razor,blancco,bitraser,ziperase,youwipe,certus,aiken,ontrack,zenadmin,cellde,apkudo,futuredial,mobicode,mist,servicenow,jira,alloy,blueiq,unduit"
AFB-INT-003,INT,Idempotent operations,Repeat imported operation produces one record/event.,P1,Build + external adapters,Proposed — implementation not audited,"recycly,razor,blancco,bitraser,ziperase,youwipe,certus,aiken,ontrack,zenadmin,cellde,apkudo,futuredial,mobicode,mist,servicenow,jira,alloy,blueiq,unduit"
AFB-INT-004,INT,Adapter capability registry,List supported versions/formats/models and explicit unsupported cases.,P1,Build + external adapters,Proposed — implementation not audited,"recycly,razor,blancco,bitraser,ziperase,youwipe,certus,aiken,ontrack,zenadmin,cellde,apkudo,futuredial,mobicode,mist,servicenow,jira,alloy,blueiq,unduit"
AFB-INT-005,INT,Raw evidence storage,Store original report hash and restricted immutable reference.,P1,Build + external adapters,Proposed — implementation not audited,"recycly,razor,blancco,bitraser,ziperase,youwipe,certus,aiken,ontrack,zenadmin,cellde,apkudo,futuredial,mobicode,mist,servicenow,jira,alloy,blueiq,unduit"
AFB-INT-006,INT,Import mapping previews,CSV preview reveals rejected rows before commit.,P1,Build + external adapters,Proposed — implementation not audited,"recycly,razor,blancco,bitraser,ziperase,youwipe,certus,aiken,ontrack,zenadmin,cellde,apkudo,futuredial,mobicode,mist,servicenow,jira,alloy,blueiq,unduit"
AFB-INT-007,INT,Schema conflict queue,Conflicting serial or outcomes require human review.,P1,Build + external adapters,Proposed — implementation not audited,"recycly,razor,blancco,bitraser,ziperase,youwipe,certus,aiken,ontrack,zenadmin,cellde,apkudo,futuredial,mobicode,mist,servicenow,jira,alloy,blueiq,unduit"
AFB-INT-008,INT,ServiceNow disposal bridge,Map customer asset ID and evidence before approved retirement update.,P1,Build + external adapters,Proposed — implementation not audited,"recycly,razor,blancco,bitraser,ziperase,youwipe,certus,aiken,ontrack,zenadmin,cellde,apkudo,futuredial,mobicode,mist,servicenow,jira,alloy,blueiq,unduit"
AFB-INT-009,INT,Jira Assets bridge,Configured schema/state mapping preserves external object identity.,P1,Build + external adapters,Proposed — implementation not audited,"recycly,razor,blancco,bitraser,ziperase,youwipe,certus,aiken,ontrack,zenadmin,cellde,apkudo,futuredial,mobicode,mist,servicenow,jira,alloy,blueiq,unduit"
AFB-INT-010,INT,Alloy bridge,Verified API mapping links retirement status to customer asset reference.,P1,Build + external adapters,Proposed — implementation not audited,"recycly,razor,blancco,bitraser,ziperase,youwipe,certus,aiken,ontrack,zenadmin,cellde,apkudo,futuredial,mobicode,mist,servicenow,jira,alloy,blueiq,unduit"
AFB-INT-011,INT,ERP/wipe vendor bridges,Use authentic samples and agreement-specific API permissions.,P1,Build + external adapters,Proposed — implementation not audited,"recycly,razor,blancco,bitraser,ziperase,youwipe,certus,aiken,ontrack,zenadmin,cellde,apkudo,futuredial,mobicode,mist,servicenow,jira,alloy,blueiq,unduit"
AFB-INT-012,INT,Printer/scale local bridge,Scoped workstation service connects hardware without browser-wide fleet control.,P1,Build + external adapters,Proposed — implementation not audited,"recycly,razor,blancco,bitraser,ziperase,youwipe,certus,aiken,ontrack,zenadmin,cellde,apkudo,futuredial,mobicode,mist,servicenow,jira,alloy,blueiq,unduit"
AFB-INT-013,INT,Offline scan synchronisation,Conflict resolution retains device-local event time and server receipt time.,P1,Build + external adapters,Proposed — implementation not audited,"recycly,razor,blancco,bitraser,ziperase,youwipe,certus,aiken,ontrack,zenadmin,cellde,apkudo,futuredial,mobicode,mist,servicenow,jira,alloy,blueiq,unduit"
AFB-INT-014,INT,Adapter health alerts,Failed external updates remain pending with visible retries.,P1,Build + external adapters,Proposed — implementation not audited,"recycly,razor,blancco,bitraser,ziperase,youwipe,certus,aiken,ontrack,zenadmin,cellde,apkudo,futuredial,mobicode,mist,servicenow,jira,alloy,blueiq,unduit"
AFB-INT-015,INT,Export and exit portability,"Export entities, relationships and evidence references in documented formats.",P1,Build + external adapters,Proposed — implementation not audited,"recycly,razor,blancco,bitraser,ziperase,youwipe,certus,aiken,ontrack,zenadmin,cellde,apkudo,futuredial,mobicode,mist,servicenow,jira,alloy,blueiq,unduit"
AFB-PLUS-001,PLUS,Dubbo capacity-aware intake,"Booking checks measured secure slots, staffed hours and approved categories.",P1,Build; original proposed extensions,Proposed — implementation not audited,Original proposal
AFB-PLUS-002,PLUS,Evidence-expiry launch gates,Expired required approval prevents new affected intake.,P1,Build; original proposed extensions,Proposed — implementation not audited,Original proposal
AFB-PLUS-003,PLUS,Refuse-and-route directory,Refused categories show an evidenced current safe pathway.,P1,Build; original proposed extensions,Proposed — implementation not audited,Original proposal
AFB-PLUS-004,PLUS,Repair-first decision explanation,"Compare reuse, repair, parts, donation and recycling without hardware-age shortcuts.",P1,Build; original proposed extensions,Proposed — implementation not audited,Original proposal
AFB-PLUS-005,PLUS,Transport pooling,Show possible shared regional pickups with cost/capacity tradeoffs.,P1,Build; original proposed extensions,Proposed — implementation not audited,Original proposal
AFB-PLUS-006,PLUS,Public buyer device passport,"Publish sanitised provenance, tests, condition and warranty with explicit privacy controls.",P1,Build; original proposed extensions,Proposed — implementation not audited,Original proposal
AFB-PLUS-007,PLUS,Outcome follow-up,Record recipient/buyer feedback and repeat failure history.,P1,Build; original proposed extensions,Proposed — implementation not audited,Original proposal
AFB-PLUS-008,PLUS,Human-reviewed AI assistance,"AI draft cannot authorise wipe, release, payout or compliance claims.",P1,Build; original proposed extensions,Proposed — implementation not audited,Original proposal
AFB-PLUS-009,PLUS,Incident and recall traceability,"Find affected sold/donated units from a part, batch or policy version.",P1,Build; original proposed extensions,Proposed — implementation not audited,Original proposal
AFB-PLUS-010,PLUS,Operational simplicity mode,Small operator can use one receiving/bench/release queue with advanced modules hidden.,P1,Build; original proposed extensions,Proposed — implementation not audited,Original proposal
AFB-PLUS-011,PLUS,Claim-to-evidence linting,Reject verified labels lacking valid evidence references.,P1,Build; original proposed extensions,Proposed — implementation not audited,Original proposal
AFB-PLUS-012,PLUS,Data retention enforcement,Apply approved retention/legal-hold rules to evidence without destroying required custody records.,P1,Build; original proposed extensions,Proposed — implementation not audited,Original proposal
AFB-PLUS-013,PLUS,Restore drills,Restore a backup and reconcile asset count and evidence hashes.,P1,Build; original proposed extensions,Proposed — implementation not audited,Original proposal
AFB-PLUS-014,PLUS,Least-privilege processing,A workstation token cannot read unrelated customer data.,P1,Build; original proposed extensions,Proposed — implementation not audited,Original proposal
AFB-PLUS-015,PLUS,Release race protection,Concurrent stock update cannot bypass an active hold.,P1,Build; original proposed extensions,Proposed — implementation not audited,Original proposal
AFB-PLUS-016,PLUS,Feature parity scorecard,Only tested eligible requirements count as delivered coverage.,P1,Build; original proposed extensions,Proposed — implementation not audited,Original proposal
