question_id,theme,question,online_status,key_finding,remaining_closure
1,Market size,How many Dubbo Regional adults plausibly use laptops/desktops?,RESEARCHED_ONLINE,"~27,800-30,300 adult laptop users is a defensible scenario range using Census age data and ACMA laptop-use rates; not an ownership count","Measure local device ownership/use in pilot or local survey"
2,Market size,What is the plausible organisational endpoint base?,PARTLY_QUANTIFIED,"10,900+ workers are in obviously computer-intensive professional/clerical/manager occupations; exact endpoint fleet is unpublished","Named organisation fleet verification"
3,Market size,What annual replacement/failure volume is defensible?,SCENARIO_ONLY,"No current Dubbo failure dataset; replacement and repair sensitivity tables created rather than fake precision","Pilot enquiry/failure/refresh data"
4,Market size,What is the addressable low-cost repair/refurb market?,SCENARIO_ONLY,"1-3% annual reach of adult laptop-user base would be ~278-909 people; digital exclusion evidence supports affordability need but not hardware-demand conversion","12-week demand pilot"
5,Procurement,Which portals/panels matter?,RESEARCHED_ONLINE,"Supplier Hub/buy.nsw; Contract 9826; Dubbo VendorPanel; LGP/TenderLink/eProcure","Monitor live opportunities"
6,Procurement,What registration/evidence is needed?,RESEARCHED_ONLINE,"ABN/entity/legal disclosures/services at Supplier Hub; contract-specific insurance/WHS/security/environmental/reference evidence","Complete actual profiles/applications"
7,Procurement,Which thresholds/preferences favour SMEs/regional/local suppliers?,RESEARCHED_ONLINE,"NSW non-construction direct buy: regional business up to $150k and SME up to $250k subject to procurement rules","Confirm each buyer/mandatory contract context"
8,Procurement,How can a tiny operator enter?,RESEARCHED_ONLINE,"Direct low-value work + VendorPanel + subcontracting first; LGP/panels later","Secure first customer/subcontract agreement"
9,Tax,How does GST Division 66 apply?,RESEARCHED_LEGAL_BASELINE,"Eligible second-hand goods can receive input credits even when seller supply was not taxable; timing/records and exceptions apply","Accountant advice for entity/GST status"
10,Tax,How should free/personal stock be treated?,RESEARCHED_LEGAL_BASELINE,"ITAA s70-30 permits cost/market-value election for property already owned; no-consideration cost rules can produce nil cost","Accountant treatment per acquisition facts"
11,Tax,How do parts/scrap interact with trading stock?,RESEARCHED_LEGAL_BASELINE,"Division 66 has global accounting for eligible second-hand goods divided for resupply; preserve parent/child stock records","Choose bookkeeping method with accountant"
12,Tax,What changes for charitable device donations?,RESEARCHED_LEGAL_BASELINE,"DGR gift deductions and s70-90 market-value income rules can interact; not a simple donation=value deduction","Accountant/DGR confirmation"
13,Transport,What physical controls are appropriate?,RESEARCHED_ONLINE,"Risk-based secure containers/seals/direct route/access control backed by OAIC/ASD/NSW procurement benchmarks","Customer-specific contract requirements"
14,Transport,What should chain-of-custody transport records contain?,DESIGNED_FROM_EVIDENCE,"Manifest + seal/container + counts + timestamps + handoff/reconciliation + exceptions","Test on pilot collection"
15,Transport,What is proportionate Phase 0 transport?,DESIGNED_FROM_EVIDENCE,"Sealed opaque containers; direct trip; no unattended overnight storage; immediate reconciliation","Insurer/customer acceptance"
16,Cybersecurity,What cyber baseline is appropriate?,RESEARCHED_ONLINE,"MFA/patching/backups then Essential Eight ML1-style controls","Implement and assess"
17,Cybersecurity,What Privacy Act/NDB issues can apply?,RESEARCHED_ONLINE,"Small-business exemption is not universal; health/credit/trading-data/TFN and other exceptions exist; contracts can be stricter","Legal/customer-contract review"
18,Cybersecurity,What are current AssetFlow security gaps?,REPO_AUDITED,"Auth/RLS/audit strong; MFA enforcement, real restore test, key rotation, access review, monitoring and incident tabletop not evidenced","Implement/test controls"
19,Electrical safety,What applies to replacement batteries?,RESEARCHED_ONLINE,"ELV battery-powered equipment is outside current EESS scope but must still be safe; reputable/OEM sourcing strongly preferred","Verify exact part/supplier"
20,Electrical safety,What applies to chargers/power supplies?,RESEARCHED_ONLINE,"Power supply/chargers can be EESS Level 3; downstream suppliers must use registered responsible-supplier chain and RCM/registration as applicable","Verify exact charger in EESS database"
21,Electrical safety,What supplier evidence should be retained?,DESIGNED_FROM_EVIDENCE,"Australian supplier identity + invoice + exact part + ratings + RCM/EESS where applicable + warranty + recall check","Pilot supplier register"
22,Recalls,Which recall sources matter?,RESEARCHED_ONLINE,"Product Safety Australia primary; OEM source for serial/date/part criteria","Ongoing watch"
23,Recalls,How should screening work in AssetFlow?,DESIGNED_FROM_EVIDENCE,"NOT_CHECKED/CLEAR/POSSIBLE/CONFIRMED/REMEDIED gate; no release on possible match","Implement and test"
24,Parts supply,Which Australian suppliers cover common repairs?,RESEARCHED_ONLINE,"EMPR/official OEM lookup/iFixit AU/LaptopPanel provide strong complementary channels","Trial orders/performance data"
25,Parts supply,How should OEM vs aftermarket risk be handled?,RESEARCHED_ONLINE,"Prefer traceable OEM/authorised for safety-critical parts; aftermarket can suit lower-risk older-device parts when supplier evidence is strong","Track DOA/return rates"
26,Parts supply,What stocking/freight model makes sense in Dubbo?,DESIGNED_FROM_EVIDENCE,"Stock universal fast movers only; order model-specific battery/display/keyboard/fan on demand","Measure freight/lead-time and turnover"
27,Repair Cafe,What governance structures are realistic?,RESEARCHED_ONLINE,"Host/auspice first; own incorporated association later if stable; NSW association requires 5+ members and ongoing governance","Council/host agreement"
28,Repair Cafe,How should insurance/funding/firewall work?,DESIGNED_FROM_EVIDENCE,"Separate stock/money/tools/grants/referrals; owner retains device; commercial transfer requires separate later transaction","Host/insurer/funder approval"
29,Environment,What does LCA evidence support?,RESEARCHED_ONLINE,"Life extension generally reduces laptop impacts because production/embedded impacts are large; benefit varies by category and scenario","Measure actual routes and model-specific PCFs"
30,Environment,What environmental claims are safe?,RESEARCHED_ONLINE,"Measured route counts/mass strongest; CO2e should be scenario-based with sources/substitution assumption; avoid broad green/zero-waste claims","Legal/marketing review if major campaign"
31,Right to repair,What is Australia's electronics right-to-repair position in Oct 2026?,RESEARCHED_ONLINE,"No universal electronics repair-information regime; motor vehicles remain Australia's first specific scheme; ACL parts/repair guarantee applies","6-month policy watch"
