"rank","sector","organisation","public_staff_evidence","estimated_local_staff","estimated_commodity_endpoints","annualised_3_to_5_year_replacement_equivalent","device_estimate_confidence","local_control_score","procurement_ease_score","volume_score","repeatability_score","device_quality_score","data_ease_score","refresh_signal_score","total_score","outreach_tier","ownership_control_note","main_barrier","refresh_cycle_status","first_question","source_url"
"1","Real estate","Dubbo Real Estate Agency","19 public team members","18-21","17-24","3-8","High","5","5","4","4","4","4","4","89","A","Family-owned independent local agency","Property/client data; possible MSP involvement","Unknown; current Windows 10 transition is a plausible trigger","Who arranged your last laptop/desktop replacement and what happened to the retired machines?","https://www.dubborealestateagency.com.au/agents?agent_id=9251"
"2","Real estate","Bob Berry Real Estate","16 staff stated publicly; about 17 people appear on the team page","16-18","16-22","3-8","High","5","5","4","4","4","4","4","89","A","Independent local agency","Cloud/property data; current MSP/disposal route unknown","Unknown; technology-forward office","When you last replaced staff computers, who took the old ones and did you receive any value back?","https://www.bobberry.com.au/meet-the-team/"
"3","Accounting","Martel Wheatley","16 named team members across Dubbo/Coonamble","13-18","13-19","3-7","Medium-high","5","5","4","4","4","4","4","89","A","Privately held regional firm; local principals","Financial/tax/client data; likely strict sanitisation expectations","Unknown; cloud/software-heavy practice","Who approves disposal of retired computers, and does your IT provider already include secure retirement?","https://martelwheatley.com.au/team"
"4","Agribusiness / real estate","Peter Milling & Company","8 Dubbo staff named","8-10","8-12","2-4","High","5","5","3","4","4","4","4","85","A","Independent regional company with Dubbo leadership","Mixed business/property data; possible specialist ag systems","Unknown","Does Dubbo control its own computer disposal, and what happened to the last replaced batch?","https://petermilling.com.au/company/"
"5","Accounting","Henderson McColl & Co","Multiple partners/staff named; office operations role includes IT systems","6-10","6-12","1-4","Medium-high","5","5","3","4","4","4","4","85","A","Partner-led local practice with identifiable office/IT ownership","Financial/client data","Unknown","Who owns the IT-disposal decision, and do retired computers currently go back through your IT provider?","https://hendersonmccoll.com.au/about/"
"6","Real estate","Western Plains Real Estate","7 public team members across its regional footprint","5-7","5-9","1-3","Medium-high","5","5","3","4","4","4","3","84","A","Independent regional agency","Smaller volume; local staff split","Unknown","When you replace agent/property-management computers, do you keep, sell, trade or recycle the old ones?","https://wpre.com.au/about/our-agents"
"7","Accounting","Wright Partners","Boutique accounting firm based in Dubbo; exact count not public","5-10","5-10","1-4","Low-medium","5","5","3","4","4","4","3","84","B","Boutique Dubbo firm","Financial/client data; workforce estimate weak","Unknown","When was your last workstation refresh, and were old devices sold, retained or securely recycled?","https://www.wrightpartners.com.au/join-our-team"
"8","Law","Duffy Elliott Lawyers","5 lawyers plus support staff shown publicly","8-14","8-15","2-5","Medium","5","5","3","4","4","3","4","83","B","Long-established locally controlled firm","Highly confidential legal/client data; wipe evidence essential","Unknown","When the firm last refreshed PCs or laptops, how were the old drives and devices handled?","https://duffyelliott.com.au/our-lawyers"
"9","Law","Wilsons Solicitors Dubbo","Regional commercial firm; exact current Dubbo headcount not public","6-12","6-12","1-4","Low-medium","5","5","3","4","4","3","4","83","B","Regional firm with a Dubbo office","Legal confidentiality; exact local fleet unknown","Unknown","Who is responsible for retired IT assets in Dubbo and what evidence do you require for data sanitisation?","https://www.wilsons.legal/"
"10","Law","Booth Brown Legal","Local team publicly presented; exact current count not established","5-10","5-10","1-4","Low-medium","5","5","3","4","4","3","4","83","B","Local Dubbo legal practice","Legal confidentiality","Unknown","What happens to PCs/laptops after replacement and does your MSP control disposal?","https://boothbrown.com.au/about-us/"
"11","Agribusiness consulting","IMAG Consulting","Public company-size band 2-10","2-10","2-8","0-3","Medium","5","5","2","4","4","4","4","81","C","Independent Dubbo agribusiness consultancy","Low volume","Unknown","Do you have any retired laptops sitting unused, and who handles replacements now?","https://au.linkedin.com/company/imag-consulting-pty-ltd"
"12","Agribusiness / livestock","Barlow & Peadon","Publicly listed Dubbo livestock agent; headcount not public","4-8","4-8","1-3","Low","5","5","2","4","4","4","4","81","C","Local/regional agent","Small uncertain fleet","Unknown","Who manages your office computers and what happens to old devices after replacement?","https://www.dubbo.nsw.gov.au/households-residents/rangers-compliance-and-animals/dubbo-regional-livestock-markets"
"13","Accounting","Luka Group","About 22 named people across Dubbo/Broken Hill/Cobar/Gilgandra","15-22","15-25","3-9","Medium","4","4","4","4","4","4","4","80","A","Regional multi-office partnership; local partner access likely","Multi-office coordination and financial data","Unknown","Is device purchasing/disposal decided in Dubbo for all offices, and what is the next fleet-refresh window?","https://www.lukagroup.com.au/ourteam"
"14","Accounting","Pearce Martin Group","4 public team members","4-5","4-6","1-2","High","5","5","2","4","4","4","3","80","C","Small local firm","Low batch volume; financial data","Unknown","Do you have retired computers stored onsite, and what would you need before they could be transferred?","https://www.pearcegroup.com.au/"
"15","Real estate","Ray White Dubbo","About 16 names on current local team page","15-17","15-21","3-7","High","4","4","4","4","4","4","4","80","A","Local directors within national franchise","Franchise/MSP/head-office controls need confirmation","Unknown","Does the Dubbo office own its laptops/desktops and decide their disposal locally?","https://raywhitedubbo.com.au/about"
"16","Real estate / livestock","Olsen C. Agencies","Local agency; exact headcount not public","3-7","3-7","1-3","Low","5","5","2","4","4","4","3","80","C","Local business","Low/uncertain volume","Unknown","What happens to retired office computers and agent devices today?","https://www.olsenagencies.com.au/"
"17","Law","Macquarie Law","Current local practice; reliable current team count not established","3-8","3-8","1-3","Low","5","5","2","4","4","3","4","79","B","Local practice","Legal confidentiality; workforce estimate weak","Unknown","How many firm-owned laptops/desktops are replaced in a typical refresh, and who authorises release?","https://www.macquarielaw.com.au/"
"18","Law","Nelson Keane & Hemingway","17 employees stated firm-wide; multiple offices","10-15","10-16","2-6","High","4","4","4","4","4","3","4","78","B","Regional firm with Dubbo/Narromine/Wellington offices","Legal confidentiality; multi-office authority","Unknown","Who signs off disposal across the firm and what sanitisation evidence is required?","https://www.nkhsols.com/"
"19","Allied health","Paula O'Leary Physiotherapy","Local allied-health clinic; exact count not public","3-7","3-7","1-3","Low","5","5","2","4","4","2","4","77","D","Local practice","Health information; Privacy Act applies to health service providers regardless of small-business turnover exemption","Unknown","Who handles old computers containing or accessing patient information, and is onsite sanitisation required?","https://www.paulaolearyphysio.com.au/"
"20","Medical","DubboCare Family Practice","10 named clinical/reception staff on public team page","10-12","8-14","2-5","High","5","4","3","4","4","2","4","77","D","Locally owned GP practice","Health information, clinical systems, accreditation/security expectations","Unknown","Who owns the endpoint hardware and what is your approved process for retiring devices that accessed patient records?","https://www.dubbocare.com.au/our-team"
"21","Dental","Dubbo Dental","About 11-12 people publicly listed","11-13","10-15","2-5","High","5","4","3","4","4","2","4","77","D","100% locally owned/operated","Health information plus specialised imaging/dental systems; scope only commodity endpoints","Unknown","Which computers are ordinary business endpoints versus vendor-controlled clinical equipment, and how are they retired?","https://www.dubbodental.com.au/about"
"22","Dental","Parkside Dental","6 named professionals/team members","6-8","6-10","1-4","Medium-high","5","4","3","4","4","2","3","76","D","Locally owned independent dental practice","Health information and dental-equipment separation","Unknown","How are ordinary PCs/laptops retired separately from clinical/dental hardware?","https://parksidedentaldubbo.com.au/about-us/"
"23","Accounting","Ryan & Rankmore","25+ staff across Wellington/Gilgandra/Dubbo","8-15","8-15","2-5","Medium-low","4","4","3","4","4","4","3","75","B","Regional multi-office practice","Local staff split and disposal authority unknown; financial data","Unknown","Is IT procurement/disposal centralised across your offices, and when is the next replacement cycle?","https://ryanrank.com/about/"
"24","Agribusiness / ag machinery","Hutcheon & Pearce Dubbo","Current Dubbo branch; full local headcount not public","10-20","10-20","2-7","Low-medium","3","3","4","4","4","4","4","71","D","Family-owned but large multi-branch organisation","Central IT and vendor/specialist ag-tech equipment","Unknown","Who controls ordinary office endpoint retirement for the Dubbo branch?","https://www.hutcheonandpearce.com.au/locations/dubbo/"
"25","Medical / allied health","Dubbo Medical & Allied Health Group","Two clinic sites plus visiting specialists; employee/device ownership unclear","15-30","15-30","3-10","Low","3","3","4","3","4","2","4","65","D","Private multi-provider clinic environment","Health privacy; fragmented ownership; pathology/radiology may be separate or vendor-owned","Unknown","Which endpoints are actually owned by the practice entity and who authorises their retirement?","https://www.dmahg.com.au/"
"26","Agribusiness","Elders Dubbo","10 local team members publicly listed","10-12","10-15","2-5","High","2","2","3","4","4","4","4","58","D","Large national agribusiness branch","Likely central procurement/disposal; local release authority uncertain","Unknown","Does Dubbo have authority over retired endpoints or does national IT arrange all disposal?","https://elders.com.au/our-services/our-branches/nsw/elders-dubbo/"
"27","Agribusiness","Delta Agribusiness Dubbo","National company-size evidence 201-500; local headcount not public; Elders acquisition announced","8-15","8-15","2-5","Low","2","2","3","4","4","4","4","58","D","Corporate group with acquisition/integration complexity","Ownership/integration and central procurement","Unknown","After the Elders acquisition, who controls Dubbo endpoint ownership and disposal?","https://au.linkedin.com/company/delta-agribusiness"
"28","Real estate","Elders Real Estate Dubbo","Local branch; exact public staff count not established","6-12","6-12","1-4","Low","2","2","3","4","4","4","4","58","D","National corporate/franchise environment","Central asset controls","Unknown","Are local devices branch-owned or centrally managed, and who arranges disposal?","https://eldersrealestate.com.au/office/dubbo/"
"29","Dental","National Dental Care Dubbo","Corporate dental practice; local staff count not established","6-12","6-12","1-4","Low","1","2","3","4","4","2","4","49","D","National corporate healthcare network","Corporate procurement plus health privacy","Unknown","Is endpoint retirement handled locally or by national IT/procurement?","https://www.nationaldentalcare.com.au/practices/dubbo"
"30","Agribusiness banking","Rabobank Dubbo","14 employees stated for Dubbo branch","14","14-18","3-6","High","1","1","4","4","5","1","4","49","D","Global bank branch","Bank-grade central security, regulated asset handling and procurement","Unknown","Does the branch have any local role at all in endpoint retirement, or is it entirely centralised?","https://www.rabobank.com.au/branch/nsw/dubbo"
