organisation,sector,scope,student_device_signal,school_owned_asset_signal,governance_route,current_disposal_provider_publicly_known,opportunity_rating,confidence,next_question,primary_source
"Skillset Senior College - Dubbo","Independent","Dubbo","School provides access to computers and technology","Strong; historical Skillset ICT support and e-waste activity","School / Skillset organisational operations","No","HIGH","High on device/activity evidence; low on current disposal","Who collected the >3t historical e-waste and who handles retired assets in 2026?","https://www.skillsetseniorcollege.nsw.edu.au/education/"
"Catholic Education Diocese of Bathurst - Dubbo schools","Catholic systemic","5 Dubbo schools","Mixed; St John's Primary says Chromebooks readily available","Strong system-wide institutional fleet expected","CEDB ICT Services / Finance & Operations / procurement; CEnet relationship","No","HIGH strategic / MEDIUM direct","High on central ICT structure; low on disposal","Who owns/approves retired ICT and what current contract/vendor handles it?","https://www.bth.catholic.edu.au/ContentUploads/files/School%20Technical%20Support%20Officer%20%28Dubbo%29%20-%20Position%20Overview.pdf"
"Dubbo Christian School","Independent","Dubbo","Mixed/unknown from public sources","Strong; current internal ICT function and substantial staff/school estate","School business/finance + ICT governance","No","HIGH potential","High on institutional ICT; low on disposal","What happened to the most recent school-owned laptop/desktop retirement batch?","https://www.dubbocs.edu.au/employment/"
"Burrabadine Christian Community School","Independent","Dubbo outskirts","One-to-one Chromebooks; Chromebooks for every student","Strong managed-fleet signal; exact ownership unconfirmed","School Business Manager / leadership","No","MEDIUM-HIGH","High on managed-device evidence; low on disposal","Does the school own the Chromebooks, how often are they refreshed, and where did the last batch go?","https://www.burrabadineccs.nsw.edu.au/learning/curriculum"
"Macquarie Anglican Grammar School","Independent / Anglican Schools Corporation","Dubbo","Years 5-12 BYOD / device purchases by families","Staff/admin/infrastructure/loaner fleet only; scale unknown","Local school + Anglican Schools Corporation Group Office","No","MEDIUM","High on BYOD/governance; low on disposal","Does Group Office control school-owned IT disposal, and who handled the last batch?","https://www.mags.nsw.edu.au/assets/Downloads/One-to-One-Learning.pdf"
"Central West Leadership Academy","Independent","Dubbo","Students required to purchase Chromebook","Staff/admin/infrastructure/loaner fleet unknown","School leadership / operations","No","LOW-MEDIUM","High on student ownership; low on institutional assets","What school-owned computers/loaners exist and how are they retired?","https://theacademy.nsw.edu.au/about"
"St Johns College","Catholic systemic","Dubbo","Unknown","System/school-owned staff and institutional assets expected","CEDB central ICT/procurement","No","MEDIUM via CEDB","Medium","Is disposal authorised locally or centrally, and what provider handles Dubbo collections?","https://www.csnsw.catholic.edu.au/explore-our-community/find-school"
"St John's Catholic Primary School","Catholic systemic","Dubbo","Chromebooks readily available","Strong school/system device signal","CEDB central ICT/procurement","No","MEDIUM via CEDB","High on Chromebook presence; low on disposal","Who owns the Chromebooks and what happens at refresh?","https://www.stjohnsprimarydubbo.catholic.edu.au/principal-s-welcome"
"St Laurence's Catholic Primary School","Catholic systemic","Dubbo","Unknown","System/school-owned fleet expected","CEDB central ICT/procurement","No","MEDIUM via CEDB","Low-medium","What CEDB policy and contract governs retired devices?","https://www.csnsw.catholic.edu.au/explore-our-community/find-school"
"St Mary's Catholic Primary School Dubbo","Catholic systemic","Dubbo","Unknown","System/school-owned fleet expected","CEDB central ICT/procurement","No","MEDIUM via CEDB","Low-medium","What CEDB policy and contract governs retired devices?","https://www.csnsw.catholic.edu.au/explore-our-community/find-school"
"St Pius X Catholic Primary School Dubbo","Catholic systemic","Dubbo","Unknown","System/school-owned fleet expected","CEDB central ICT/procurement","No","MEDIUM via CEDB","Low-medium","What CEDB policy and contract governs retired devices?","https://www.csnsw.catholic.edu.au/explore-our-community/find-school"
