target_type,organisation,location_or_scope,priority,known_route_or_role,conflict_or_gate,public_source,status,next_question
MSP,Avance Business Technology,Dubbo,HIGH,Managed IT/software/cloud/cyber,EMPLOYMENT CONFLICT - resolve before outreach,https://avance.technology/solutions,BLOCKED,What happens to retired client hardware?
MSP,Hi Tech ITworX,Dubbo,HIGH,Workshop in Dubbo; remote and onsite support,,https://htw.net.au/locations/managed-it-dubbo/,NOT CONTACTED,Current refresh/disposal route and annual device volume?
MSP,Dubbo ITS,Dubbo/HIGH,HIGH,Managed IT for Dubbo and Central West,,https://dubboits.com.au/it-support-dubbo/,NOT CONTACTED,Current refresh/disposal route and annual device volume?
MSP,Gravity IT,Dubbo,HIGH,Local technicians,,https://gravityit.com.au/dubbo/,NOT CONTACTED,Current refresh/disposal route and annual device volume?
MSP,Toim,Dubbo,HIGH,Dubbo team,,https://toim.com.au/toim-dubbo,NOT CONTACTED,Current refresh/disposal route and annual device volume?
MSP,TechSend,Dubbo,MEDIUM,Same-day onsite support,,https://www.techsend.com.au/locations/sydney/dubbo/,NOT CONTACTED,Do you handle client hardware refresh/disposal locally?
MSP,Colton Computer Technologies,Orange/Bathurst/Dubbo,HIGH,Managed IT services regional,,https://coltoncomputers.com.au/managed-it-services/,NOT CONTACTED,Current refresh/disposal route and annual device volume?
MSP,CBM Computers,Dubbo,MEDIUM,Local IT provider,,Localsearch Dubbo IT listing,NOT CONTACTED,Do you handle business fleet retirement?
MSP,Revelation I.T. Solutions,Dubbo,MEDIUM,Local IT provider,,https://www.localsearch.com.au/find/it-services-support/dubbo-nsw,NOT CONTACTED,Do you handle business fleet retirement?
MSP,Tech Exe,Dubbo,MEDIUM,Local IT provider,,https://www.localsearch.com.au/find/it-services-support/dubbo-nsw,NOT CONTACTED,Do you handle business fleet retirement?
MSP,Viatek Central West NSW Pty Ltd,Dubbo,HIGH,Regional managed print/IT provider,,https://www.localsearch.com.au/find/it-services-support/dubbo-nsw,NOT CONTACTED,Current device refresh/disposal pathway?
MSP,R & R Communications,Dubbo,MEDIUM,Local communications/IT provider,,https://www.localsearch.com.au/find/it-services-support/dubbo-nsw,NOT CONTACTED,Do you handle business fleet retirement?
MSP,Right Click Go,Dubbo,MEDIUM,Local IT provider,,https://www.localsearch.com.au/find/it-services-support/dubbo-nsw,NOT CONTACTED,Do you handle business fleet retirement?
IT reseller/service,Orana Business Solutions,Dubbo,HIGH,IT services and refurbished-device resale,,https://obsolutions.com.au/refurbished-devices,NOT CONTACTED,Do you have surplus/end-of-life client stock or downstream needs?
Repair/resale,Tech Savvy Dubbo,Dubbo,MEDIUM,Repair and refurbished-device resale,,https://www.techsavvyau.com/,NOT CONTACTED,What happens to uneconomic repair/parts stock?
IT retail,Leading Edge Computers,Dubbo,MEDIUM,Local computer retail/service,,Existing repo competitor map,NOT CONTACTED,What happens to trade-in/retired business devices?
Fleet owner,Western NSW Local Health District,Dubbo/Western NSW,LOW,Large government fleet; likely contracted procurement,Government contract pathway,https://www.nsw.gov.au/departments-and-agencies/wnswlhd/careers/our-communities/dubbo,DEFER,Which procurement/disposal contract controls ICT retirement?
Fleet owner,Dubbo Regional Council,Dubbo,MEDIUM,Local government fleet and waste/planning stakeholder,Government procurement,https://www.dubbo.nsw.gov.au/,NOT CONTACTED,Who manages Council ICT disposal and e-waste contract?
School system,Catholic Education Diocese of Bathurst,Central West,HIGH,Central ICT/CEnet structure; current vendor case study reports ~17000 managed mixed-OS endpoints including organisation-owned and BYOD devices,,https://www.manageengine.com/au/products/desktop-central/case-study/catholic-education-casestudy.html,NOT CONTACTED,Which endpoints are school-owned and what contract/vendor controls retirement sanitisation resale and recycling?
School,Dubbo Christian School,Dubbo,HIGH,Independent school,,https://www.dubbocs.edu.au/,NOT CONTACTED,Who authorises retired ICT disposal and how are devices released/wiped?
School,Macquarie Anglican Grammar School,Dubbo,HIGH,Independent school,,https://www.mags.nsw.edu.au/about-us/,NOT CONTACTED,Who authorises retired ICT disposal and how are devices released/wiped?
School,Central West Leadership Academy,Dubbo,HIGH,Independent school with Chromebook fleet,,https://theacademy.nsw.edu.au/,NOT CONTACTED,What happens to retired Chromebooks and enterprise enrolment?
School,Wellington Christian School,Wellington,MEDIUM,Independent school,,https://wellingtoncs.com.au/,NOT CONTACTED,Who authorises retired ICT disposal and how are devices released/wiped?
Community partner,WorkVentures NSW Device Bank,NSW,MEDIUM,Device Bank delivery/reuse pathway,,https://workventures.com.au/nswdb-eoi/,NOT CONTACTED,Is there a Dubbo/Orana partner or EOI pathway?
Community partner,Good360 Australia,Australia,MEDIUM,Charity/school device distribution,,https://good360.org.au/digital-divide/,NOT CONTACTED,Any Dubbo/Orana device distributions or eligible partners?
School,Burrabadine Christian Community School,Dubbo,MEDIUM-HIGH,Current one-to-one Chromebook environment; historical MacBook Air rollout,,https://www.burrabadineccs.nsw.edu.au/learning/curriculum,NOT CONTACTED,Does the school own the Chromebooks and what happened to the last retired batch?
School,Skillset Senior College - Dubbo,Dubbo,HIGH,School provides computer access; Skillset historically reported >3t e-waste recycling,,https://www.skillsetseniorcollege.nsw.edu.au/education/,NOT CONTACTED,Who handled the historical e-waste and what is the current retired-asset route?
SME fleet owner,"Dubbo Real Estate Agency",Dubbo,HIGH,"19-person public team; independent local agency; modelled 17-24 commodity endpoints",,"https://www.dubborealestateagency.com.au/agents?agent_id=9251",NOT CONTACTED,"Who arranged the last laptop/desktop replacement and what happened to the retired machines?"
SME fleet owner,"Bob Berry Real Estate",Dubbo,HIGH,"Independent local agency; mid-teens staff evidence; modelled 16-22 commodity endpoints",,"https://www.bobberry.com.au/meet-the-team/",NOT CONTACTED,"Who took the old computers at the last refresh and was any value returned?"
SME fleet owner,"Martel Wheatley",Dubbo/HIGH,HIGH,"16 named team members across Dubbo/Coonamble; modelled 13-19 commodity endpoints","Financial/client data; secure sanitisation evidence required","https://martelwheatley.com.au/team",NOT CONTACTED,"Who approves retired-computer disposal and does the MSP already provide secure retirement?"
SME fleet owner,"Peter Milling & Company",Dubbo,HIGH,"8 Dubbo staff named; independent regional firm; modelled 8-12 commodity endpoints",,"https://petermilling.com.au/company/",NOT CONTACTED,"Does Dubbo control its own computer disposal and what happened to the last replaced batch?"
SME fleet owner,"Henderson McColl & Co",Dubbo,HIGH,"Partner-led accounting practice; public office-operations role includes IT systems; modelled 6-12 endpoints","Financial/client data; secure sanitisation evidence required","https://hendersonmccoll.com.au/about/",NOT CONTACTED,"Who owns the IT-disposal decision and do retired computers go through the MSP?"
SME fleet owner,"Western Plains Real Estate",Dubbo/Regional,HIGH,"7 public team members across regional footprint; independent agency; modelled 5-9 endpoints",,"https://wpre.com.au/about/our-agents",NOT CONTACTED,"When agent/property-management computers are replaced are they kept sold traded or recycled?"
SME fleet owner,"Luka Group",Dubbo/Western NSW,HIGH,"About 22 named people across four regional offices; modelled 15-25 commodity endpoints","Multi-office authority and financial/client data","https://www.lukagroup.com.au/ourteam",NOT CONTACTED,"Is device purchasing/disposal decided in Dubbo and when is the next fleet refresh?"
SME fleet owner,"Ray White Dubbo",Dubbo,HIGH,"About 16 names on local team page; modelled 15-21 commodity endpoints","Confirm franchise or head-office controls","https://raywhitedubbo.com.au/about",NOT CONTACTED,"Does the Dubbo office own its endpoints and decide disposal locally?"
