prospect,qualification_priority,current_provider,public_evidence,role_to_ask,public_routing_source,next_question,evidence_ids,last_batch_destination,available_device_count,next_release_date,contact_status,date_checked
MAAS Group Holdings,Initial qualification,Unknown,Ownership split after Construction Materials acquisition,Group IT / finance,https://maasgroup.com.au/contact,Which entity owns local devices and who collected the last retired batch?,EVD-DISPOSAL-001;EVD-DISPOSAL-002,Unknown,Unknown,Unknown,Not contacted,2026-10-02
Fletcher International Exports,Initial qualification,Unknown,Historical systems clue; device route unpublished,IT / finance,https://fletchint.com.au/contacts/,What happened to the last office-device batch and who arranged disposal?,EVD-DISPOSAL-003,Unknown,Unknown,Unknown,Not contacted,2026-10-02
Westhaven,First conversation,Unknown,Historical Unitech Chromebook supplier; disposal role unconfirmed,IT director / manager,https://www.westhaven.org.au/wp-content/uploads/2025/09/WH_AnnualReport_2025_Web.pdf,Who received the replaced machines and who handles today’s retired batches?,EVD-DISPOSAL-004;EVD-DISPOSAL-005,Unknown,Unknown,Unknown,Not contacted,2026-10-02
Earlyrise Baking Company,Initial qualification,Unknown,Historical NCS mobile/warehouse deployment,IT / operations systems owner,https://earlyrisebaking.com.au/contact,Who owns and receives retired handhelds and office PCs?,EVD-DISPOSAL-006,Unknown,Unknown,Unknown,Not contacted,2026-10-02
Dubbo RSL Memorial Club,Initial qualification,Unknown,Generic environmental policy only,CFO / finance and IT,https://dubborsl.com.au/contact/,Who collected the last office-device batch and which equipment is supplier owned?,EVD-DISPOSAL-007,Unknown,Unknown,Unknown,Not contacted,2026-10-02
Inland Petroleum,Initial qualification,Unknown,Website credits do not establish an MSP or disposal provider,Business services / IT,https://inlandpetroleum.com.au/who-we-are,Does your IT provider arrange disposal and where did the last batch go?,EVD-DISPOSAL-008;EVD-DISPOSAL-009,Unknown,Unknown,Unknown,Not contacted,2026-10-02
Dubbo City Toyota,Group approval qualification,Unknown,Servco entity/partnership,Dealer management / Servco IT,https://www.dubbocitytoyota.com.au/about-us,Is release controlled locally or by Servco and who owns the devices?,EVD-DISPOSAL-010;EVD-DISPOSAL-011,Unknown,Unknown,Unknown,Not contacted,2026-10-02
Midwest Foods & Liquor / Bidfood Dubbo,Group approval qualification,Unknown,Current Bidfood Dubbo branch; group IT authority unconfirmed,Branch manager / group IT,https://www.bidfood.com.au/branch/dubbo/,Does national IT handle replacement and disposal or does Dubbo appoint its provider?,EVD-DISPOSAL-012,Unknown,Unknown,Unknown,Not contacted,2026-10-02
Dubbo Hospital / Western NSW LHD,Approved-provider qualification,Unknown,eHealth guidance and approved providers required,LHD ICT assets / procurement,https://www.health.nsw.gov.au/policies/manuals/documents/privacy-manual-for-health-information.pdf,Which approved provider covers Dubbo and can local collection be subcontracted?,EVD-DISPOSAL-013;EVD-DISPOSAL-014,Unknown,Unknown,Unknown,Not contacted,2026-10-02
Charles Sturt University — Dubbo,Central-process qualification,Unknown; historical ALLBIDS / Industry Trading,Computer Shop controls disposal and approved reuse,Computer Shop / central IT,https://www.csu.edu.au/sustainability/life/facilities-and-operations/resource-efficiency-and-waste/e-waste-recycling,Which historical routes remain current and where do Dubbo devices go?,EVD-DISPOSAL-015;EVD-DISPOSAL-016,Unknown,Unknown,Unknown,Not contacted,2026-10-02
TAFE NSW — Dubbo,Contract-owner qualification,Unconfirmed; historical Greenbox participant account,Dell refresh and Greenbox remarketing lead,Digital Solutions assets / procurement,https://cd.tafensw.edu.au/api/-/media/Files/PDFs/Strategies-and-Governance/Annual-Reports/Annual-Report-2024-2025.pdf,Is Dell/Greenbox recovery current and does it cover Dubbo collections?,EVD-DISPOSAL-017;EVD-DISPOSAL-018;EVD-DISPOSAL-025,Unknown,Unknown,Unknown,Not contacted,2026-10-02
Dubbo Regional Council,Corporate-process qualification,Unknown,Whylandra public stream is separate evidence from corporate IT,Corporate ICT / procurement,https://www.dubbo.nsw.gov.au/Households-Residents/Rubbish-Recycling-and-Sustainability/whylandra-waste-recycling-centre,What was the corporate-device disposal route for the last staff refresh?,EVD-DISPOSAL-019;EVD-DISPOSAL-020,Unknown,Unknown,Unknown,Not contacted,2026-10-02
NSW government departments — unspecified,Identify agency first,Agency-specific; unknown,C9826 options and Device Bank reuse pilot,Named agency ICT assets / procurement,https://www.info.buy.nsw.gov.au/contracts/ict-end-user-devices-and-services,Which agency and contract owns the devices and is it participating in Device Bank?,EVD-DISPOSAL-021;EVD-DISPOSAL-022,Unknown,Unknown,Unknown,Not contacted,2026-10-02
NSW public schools — Dubbo/Orana,Central-contract qualification,Dedicated vendor unidentified,EDConnect process; preparation instruction difference unresolved,Education service / contract owner,https://education.nsw.gov.au/policy-library/policies/pd-2024-0481-01,Who is the vendor and what are current preparation and reuse requirements?,EVD-DISPOSAL-023;EVD-DISPOSAL-024,Unknown,Unknown,Unknown,Not contacted,2026-10-02
