id,name,category,services,locality,address,phone,email,source_url,evidence,partnership_status,last_online_research
cbm,CBM Computers,Computers & phones,"Computer servicing, PC hardware repairs and support",Dubbo,111 Talbragar St,02 6884 4600,sales@cbmcomputers.com.au,https://cbmcomputers.com.au/,official,not contacted / not confirmed,2026-10-10
tech-savvy,Tech Savvy Dubbo,Computers & phones,"Mobile phones, tablets and computer repairs",Dubbo,"Shop 101, Orana Mall, 56 Windsor Parade",0439 662 335,dubbo@techsavvyau.com,https://www.techsavvyau.com/,official,not contacted / not confirmed,2026-10-10
sos,SOS Phone Repairs Dubbo,Computers & phones,Mobile phone repairs,Dubbo,126 Darling St,02 6885 1150,,https://www.google.com/maps/search/?api=1&query=SOS%20Phone%20Repairs%20Dubbo%20NSW&query_place_id=ChIJYUVddKRxD2sRrsnSlGvDRoM,listing,not contacted / not confirmed,2026-10-10
leading-edge,Leading Edge Computers Dubbo,Computers & phones,"Computer repair, upgrades, refurbished computers and support",Dubbo,33 Macquarie St,02 6881 6880,sales@lecit.com.au,https://dubbochamber.com.au/chamber-members/leading-edge-computers-dubbo,official,not contacted / not confirmed,2026-10-10
crt,Computer Research & Technology,Computers & phones,"Computer performance, hardware upgrades, home IT and printer connectivity support",Dubbo,128 Darling St,02 6884 5922,,https://crt.net.au/home-it/,official,not contacted / not confirmed,2026-10-10
case-square,Case Indulgence – Dubbo Square,Computers & phones,"Phone screen, battery, charging port and other mobile repairs",Dubbo,"Shop K04, Dubbo Square, 177 Macquarie St",0435 112 737,info@caseindulgence.com.au,https://caseindulgence.com.au/iphone-repair-dubbo/,official,not contacted / not confirmed,2026-10-10
case-orana,Case Indulgence – Orana Mall,Computers & phones,"Phone screen, battery, charging port and other mobile repairs",Dubbo,"Shop T08, Orana Mall, 56 Windsor Parade",0466 141 688,info@caseindulgence.com.au,https://www.oranamall.com.au/case-indulgence/,official,not contacted / not confirmed,2026-10-10
cpr,Phone Repairs CPR Dubbo,Computers & phones,Mobile phone repairs; check device/parts acceptance,Dubbo,Springfield Way,0490 254 951,,https://www.google.com/maps/search/?api=1&query=Phone%20Repairs%20CPR%20Dubbo%20NSW&query_place_id=ChIJE3LcxqhxD2sR-MI0GpFtYFc,listing,not contacted / not confirmed,2026-10-10
david-walters,David Walters Electronic Services,Electronics & audio,Electronics repairs; ask what equipment is accepted,Dubbo,75L Burroway Dubbo Rd,0428 262 440,,https://www.google.com/maps/search/?api=1&query=David%20Walters%20Electronic%20Services%20NSW&query_place_id=ChIJCRdyMLdxD2sRyBTkhoN8NgQ,listing,not contacted / not confirmed,2026-10-10
page-electronics,Page Electronics,Electronics & audio,Television/electronics service; confirm current equipment scope,Dubbo,2/14 Asset Way,02 6882 1930,,https://www.google.com/maps/search/?api=1&query=Page%20Electronics%20NSW&query_place_id=ChIJ-9kwuZhxD2sRDtE7M7TpUrs,listing,not contacted / not confirmed,2026-10-10
inland-tech,Inland Technology,Computers & phones,Printer servicing and repairs,Dubbo,39 Erskine St,02 6882 6155,,https://www.google.com/maps/search/?api=1&query=Inland%20Technology%20NSW&query_place_id=ChIJBeo2_7NxD2sRZSi1L-asvoc,listing,not contacted / not confirmed,2026-10-10
macq-appliance,Macquarie Appliance Repair,Appliances & electrical,Household appliance repair; ask which brands and appliances,Dubbo,Shed 36B/34 Hawthorn St,0409 324 152,,https://www.google.com/maps/search/?api=1&query=Macquarie%20Appliance%20Repair%20NSW&query_place_id=ChIJg4HChm_P2QcRm1A5m1gkLdI,listing,not contacted / not confirmed,2026-10-10
stove-repairs,Stove Repairs Dubbo,Appliances & electrical,Stove and oven repair; electrical/gas work for qualified trades only,Dubbo,,0419 628 941,,https://www.google.com/maps/search/?api=1&query=Stove%20Repairs%20Dubbo%20NSW&query_place_id=ChIJnbglgtRvD2sRTiTS4Lq2cyM,listing,not contacted / not confirmed,2026-10-10
doug-smith,Doug Smith Spares,Appliances & electrical,Appliance spare parts; ask whether they undertake repairs or recommend technicians,Dubbo,105 Bourke St,02 6883 3222,,https://www.google.com/maps/search/?api=1&query=Doug%20Smith%20Spares%20NSW&query_place_id=ChIJL6tPCLRxD2sReHHhqUHE47s,listing,not contacted / not confirmed,2026-10-10
marty-nelson,Marty Nelson Refrigeration & Air Conditioning,Appliances & electrical,Refrigeration and air-conditioning professional service,Dubbo,82 Erskine St,02 5820 0986,,https://www.google.com/maps/search/?api=1&query=Marty%20Nelson%20Refrigeration%20%26%20Air%20Conditioning%20NSW&query_place_id=ChIJj44kzUFxD2sRmm5ULH48Z7w,listing,not contacted / not confirmed,2026-10-10
medley,Medley Refrigeration & Air Conditioning,Appliances & electrical,Refrigeration and air conditioning service,Dubbo,39 Cobbora Rd,02 6884 7554,,https://www.google.com/maps/search/?api=1&query=Medley%20Refrigeration%20NSW&query_place_id=ChIJedHWl59xD2sR3ILwjBWh_y4,listing,not contacted / not confirmed,2026-10-10
chill-rite,Chill-Rite Refrigeration and Air Conditioning,Appliances & electrical,Refrigeration and air-conditioning service,Dubbo,19 Douglas Mawson Dr,1300 545 767,,https://www.google.com/maps/search/?api=1&query=Chill-Rite%20NSW&query_place_id=ChIJdaeNCSByD2sRTNbF4oZyDHo,listing,not contacted / not confirmed,2026-10-10
kaye-electrical,Kaye's Electrical,Appliances & electrical,Electrical and air-conditioning service; confirm appliances accepted,Dubbo,3/12 Young St,02 6884 4145,,https://www.google.com/maps/search/?api=1&query=Kaye's%20Electrical%20Dubbo%20NSW&query_place_id=ChIJDVg1501wD2sR-2qS-VVVHz8,listing,not contacted / not confirmed,2026-10-10
macq-dry,Macquarie Dry Cleaners,"Clothing, shoes & textiles","Garment repair, alterations, mending and tailoring",Dubbo,87A Tamworth St,02 6882 1955,macquariedrycleaners@outlook.com,https://www.macquariedrycleaners.com.au/alterations,official,not contacted / not confirmed,2026-10-10
lisa-sewing,Dubbo Alterations and Sewing by Lisa,"Clothing, shoes & textiles",Clothing alterations and sewing,Dubbo,37 Windsor Parade,0403 774 860,,https://www.google.com/maps/search/?api=1&query=Dubbo%20alterations%20and%20sewing%20by%20Lisa%20NSW&query_place_id=ChIJF1uepMxxD2sRvLZg4v9Z8Ts,listing,not contacted / not confirmed,2026-10-10
central-shoes,Central Shoe Repairs,"Clothing, shoes & textiles",Shoe and boot repairs; call to confirm scope,Dubbo,147 Talbragar St,02 6882 2390,,https://www.google.com/maps/search/?api=1&query=Central%20Shoe%20Repairs%20NSW&query_place_id=ChIJHQC0fbFxD2sRnTlDGK8s5Vo,listing,not contacted / not confirmed,2026-10-10
horse-wear,Horse Wear Repairs Dubbo,"Clothing, shoes & textiles",Horse-wear repairs; contact before bringing equipment,Dubbo,2 Kentucky Ct,0429 935 201,,https://www.google.com/maps/search/?api=1&query=Horse%20Wear%20Repairs%20Dubbo%20NSW&query_place_id=ChIJAQBwYQdyD2sRQ4qzeEqPahA,listing,not contacted / not confirmed,2026-10-10
jm-upholstery,JM Upholstery,Furniture & upholstery,Furniture upholstery; enquire about repair and recovering,Dubbo,1 Meurer Ct,0488 966 582,,https://www.google.com/maps/search/?api=1&query=JM%20Upholstery%20Dubbo%20NSW&query_place_id=ChIJ9zVkEZRxD2sRVVxb6w_vcpk,listing,not contacted / not confirmed,2026-10-10
cantrim,Cantrim,Furniture & upholstery,Upholstery services; ask about particular repairs,Dubbo,3 Evans St,0417 979 632,,https://www.google.com/maps/search/?api=1&query=Cantrim%20Dubbo%20NSW&query_place_id=ChIJsXTxNMhxD2sR8LRqXto2H58,listing,not contacted / not confirmed,2026-10-10
restoore,Restoore – Joinery & Furniture,Furniture & upholstery,"Furniture restoration, broken legs, loose joints, benchtops and timber damage",Dubbo,32R Cooreena Rd,0467 596 775,info@restoore.com.au,https://www.restoore.com.au/furniture-design-restoration-repair-services,official,not contacted / not confirmed,2026-10-10
wheeler,Wheeler Cycles,Bicycles & mobility,"Bicycle repairs, adjustment and servicing",Dubbo,124 Erskine St,02 6882 9899,,https://www.wheelercycles.com.au/workshop,official,not contacted / not confirmed,2026-10-10
bike-shoppe,The Bike Shoppe,Bicycles & mobility,Bicycle retail and repairs,Dubbo,116A Darling St,02 6881 8755,,https://www.google.com/maps/search/?api=1&query=The%20Bike%20Shoppe%20NSW&query_place_id=ChIJU5v9dK5xD2sRzfR8RLnB7E0,listing,not contacted / not confirmed,2026-10-10
orana-disability,Orana Disability Sales & Service,Bicycles & mobility,"Mobility scooters, wheelchairs and aids; repairs/support for equipment sold",Dubbo,92 Victoria St,02 6882 9029,,https://www.oranadisability.com/,official,not contacted / not confirmed,2026-10-10
trc,Tool Repair Centre Dubbo,"Tools, mowers & machinery","Power-tool repairs including DeWalt, Paslode, Metabo and Makita",Geurie,74–76 Cass St,0488 186 478,trcdubbo@gmail.com,https://trcdubbo.com.au/,official,not contacted / not confirmed,2026-10-10
dubbo-mowers,Dubbo Mowers & Chainsaws,"Tools, mowers & machinery","Mowers, chainsaws and garden equipment servicing",Dubbo,28 Cobbora Rd,02 6882 3122,,https://www.google.com/maps/search/?api=1&query=Dubbo%20Mowers%20and%20Chainsaws%20NSW&query_place_id=ChIJEUDz3bhxD2sRWd6lwlw3-J4,listing,not contacted / not confirmed,2026-10-10
gowin,Gowin' Around Mobile Mower Service & Repair,"Tools, mowers & machinery",Mower and small-engine repair; mobile service offered,Dubbo,1/35 Douglas Mawson Dr,0413 378 484,,https://www.localsearch.com.au/profile/gowin-around-mobile-mower-service-repair/dubbo-nsw-2830/bvT1,listing,not contacted / not confirmed,2026-10-10
pronto,Pronto Small Engines,"Tools, mowers & machinery",Small-engine and mower repairs,Dubbo,88 Fitzroy St,02 6882 3090,,https://www.google.com/maps/search/?api=1&query=Pronto%20Small%20Engines%20NSW&query_place_id=ChIJh1KWh8NxD2sR9XY7I89D2Rg,listing,not contacted / not confirmed,2026-10-10
mower-man,The Mower Man,"Tools, mowers & machinery",Lawn mower repairs; call for details,Dubbo,,0435 849 955,,https://www.google.com/maps/search/?api=1&query=The%20Mower%20Man%20Dubbo%20NSW&query_place_id=ChIJVVPgilxxD2sRm6g4AW7CebQ,listing,not contacted / not confirmed,2026-10-10
robertsons,Robertson's Motorcycles & Machinery,"Tools, mowers & machinery",Motorcycle and outdoor machinery servicing; confirm machine types,Dubbo,75 Wheelers Ln,02 6884 2933,,https://www.google.com/maps/search/?api=1&query=Robertson's%20Motorcycles%20%26%20Machinery%20NSW&query_place_id=ChIJVb0PCpNxD2sRIL_1lsS9Ojk,listing,not contacted / not confirmed,2026-10-10
legends,Legends Music Shop,Musical instruments,"Instrument repair and servicing, especially stringed instruments",Dubbo,78 Macquarie St,02 6885 5665,legendsmusicshop@gmail.com,https://legendsmusicshop.com.au/pages/contact-us,official,not contacted / not confirmed,2026-10-10
kings-hall,Kings Hall Jewellers,Jewellery & watches,"Jewellery repairs, resizing and restoration",Dubbo,180 Macquarie St,02 6885 3500,,https://www.kingshall.com.au/contact,official,not contacted / not confirmed,2026-10-10
whitneys,Whitneys Jewellers,Jewellery & watches,"Jewellery repairs, cleaning, remodelling and restoration",Dubbo,149 Talbragar St,02 6882 4620,info@whitneysjewellers.com.au,https://www.whitneysjewellers.com.au/our-services,official,not contacted / not confirmed,2026-10-10
glass-window,Glass & Window Centre,"Home, glass & locksmiths",Home window and glass repairs,Dubbo,87 Victoria St,02 6882 2657,,https://www.google.com/maps/search/?api=1&query=Glass%20%26%20Window%20Centre%20Dubbo%20NSW&query_place_id=ChIJdX-STUVwD2sRKx8Hd6xqH80,listing,not contacted / not confirmed,2026-10-10
orana-glass,Orana Glass,"Home, glass & locksmiths",Glass repair and replacement; enquire about item types,Dubbo,1/3 Depot Rd,02 6884 7784,,https://www.google.com/maps/search/?api=1&query=Orana%20Glass%20NSW&query_place_id=ChIJB9_N0cVxD2sR7J1j6Bl_FEY,listing,not contacted / not confirmed,2026-10-10
dubbo-locksmith,Dubbo Mobile Locksmiths,"Home, glass & locksmiths",Residential and commercial locksmith services,Dubbo,Mobile service,0417 362 905,adam@dubbomobilelocksmiths.com.au,https://www.dubbomobilelocksmiths.com.au/contact-us,official,not contacted / not confirmed,2026-10-10
dcl,DCL Locksmiths & Security,"Home, glass & locksmiths","Locksmith, door hardware and security service",Dubbo,"Unit 2, 3/14 Erskine St",02 6884 2886,sales@dcls.com.au,https://www.dcls.com.au/contact,official,not contacted / not confirmed,2026-10-10
orana-locks,Orana Regional Locksmiths,"Home, glass & locksmiths",Locksmith services,Dubbo,Mobile/PO Box,0408 566 200,,https://www.google.com/maps/search/?api=1&query=Orana%20Regional%20Locksmiths%20NSW&query_place_id=ChIJ795Fxl9wD2sRRrmsM4jzwc0,listing,not contacted / not confirmed,2026-10-10
jlm-locks,JLM Locksmiths,"Home, glass & locksmiths",Locksmith services,Dubbo,Talbragar St,0480 692 934,,https://www.google.com/maps/search/?api=1&query=JLM%20Locksmiths%20Dubbo%20NSW&query_place_id=ChIJXYbayWyB7yERNOTbRyk72X8,listing,not contacted / not confirmed,2026-10-10
jim-blinds,Jim's Blind Cleaning & Repairs – Dubbo service,"Home, glass & locksmiths",Venetian and roller blind repairs; confirm local appointment availability,Dubbo,Mobile service,,,https://jimsblindcleaningandrepairs.com.au/local-services/nsw/dubbo/,official,not contacted / not confirmed,2026-10-10
dubbo-maintenance,Dubbo Repairs & Maintenance,"Home, glass & locksmiths","Property repair, maintenance and reactive make-safe work",Dubbo,Mobile service,02 5820 0975,admin@dubborepairs.com.au,https://dubborepairs.com.au/contact-us/?type=Request+Work+Order,official,not contacted / not confirmed,2026-10-10
obrien,O'Brien AutoGlass Dubbo,Vehicles & caravans,Windscreen chip repair and automotive glass replacement,Dubbo,16 Erskine St,1800 053 598,,https://www.obrien.com.au/locations/vehicle-glass-dubbo/,official,not contacted / not confirmed,2026-10-10
novus,NOVUS Glass Dubbo,Vehicles & caravans,Mobile windscreen chip repair and replacement,Dubbo,Mobile service,13 22 34,admin@novusautoglass.com.au,https://www.novusglass.com/en-au/shop/dubbo/,official,not contacted / not confirmed,2026-10-10
windscreen-specialist,Dubbo Windscreen Specialist,Vehicles & caravans,Automotive windscreen repairs,Dubbo,97 River St,02 6885 2188,,https://www.google.com/maps/search/?api=1&query=Dubbo%20Windscreen%20Specialist%20NSW&query_place_id=ChIJD7FDdcRxD2sRFAI6904GhoM,listing,not contacted / not confirmed,2026-10-10
centralwest-autoglass,Central West Auto Glass,Vehicles & caravans,Automotive glass repairs and replacement,Dubbo,39 Douglas Mawson Dr,02 6882 8688,,https://www.google.com/maps/search/?api=1&query=Central%20West%20Auto%20Glass%20NSW&query_place_id=ChIJN_NM9KtxD2sRog0b70a07wY,listing,not contacted / not confirmed,2026-10-10
bc-caravan,B & C Caravan Service,Vehicles & caravans,Caravan/RV repair and servicing,Dubbo,119 Fitzroy St,02 6881 8877,,https://www.google.com/maps/search/?api=1&query=B%20and%20C%20Caravan%20Service%20NSW&query_place_id=ChIJV9B7dMdxD2sRDmWWmeeY5DE,listing,not contacted / not confirmed,2026-10-10
jayco,Jayco Dubbo,Vehicles & caravans,RV and caravan servicing and repairs,Dubbo,Unit 2/20 Blueridge Dr,02 6882 0322,,https://www.google.com/maps/search/?api=1&query=Jayco%20Dubbo%20NSW&query_place_id=ChIJmRvjg1twD2sRuF-Xex_DZTc,listing,not contacted / not confirmed,2026-10-10
geoff-richards,Geoff Richards Panel Beating,Vehicles & caravans,Vehicle body repairs and panel beating,Dubbo,5 Asset Way,02 6882 5191,,https://www.google.com/maps/search/?api=1&query=Geoff%20Richards%20Panel%20Beating%20NSW&query_place_id=ChIJLcfpB05wD2sRvzIR-ZruZJY,listing,not contacted / not confirmed,2026-10-10
northside-smash,Northside Smash Repairs,Vehicles & caravans,Vehicle panel/body repairs,Dubbo,98 Fitzroy St,02 6882 0466,,https://www.google.com/maps/search/?api=1&query=Northside%20Smash%20Repairs%20NSW&query_place_id=ChIJfdy5lqxxD2sRxkmFEq8M4bc,listing,not contacted / not confirmed,2026-10-10
dubbo-city-moto,Dubbo City Motorcycles,Vehicles & caravans,Motorcycle servicing; confirm repair availability,Dubbo,11 Victoria St,02 6882 8884,,https://www.google.com/maps/search/?api=1&query=Dubbo%20City%20Motorcycles%20NSW&query_place_id=ChIJNWm6c1FwD2sR6QHc-iuVdxE,listing,not contacted / not confirmed,2026-10-10
bob-jane,Bob Jane T-Marts Dubbo,Vehicles & caravans,"Tyres, punctures and wheel services; enquire about puncture repair",Dubbo,223 Macquarie St,02 6881 8900,,https://www.google.com/maps/search/?api=1&query=Bob%20Jane%20Dubbo%20NSW&query_place_id=ChIJ8fs1U6txD2sRXzjtMHy-EeE,listing,not contacted / not confirmed,2026-10-10
robertsons-tyre,Robertson's Tyrepower Dubbo,Vehicles & caravans,Tyres and wheel service; call for puncture repair,Dubbo,128 Brisbane St,02 6882 4766,,https://www.google.com/maps/search/?api=1&query=Robertson's%20Tyrepower%20Dubbo%20NSW&query_place_id=ChIJqxaESbJxD2sRSDsirITHeog,listing,not contacted / not confirmed,2026-10-10
hannaford,Hannaford Tyre and Suspension,Vehicles & caravans,Tyres and vehicle suspension service,Dubbo,78 River St,02 6884 0008,,https://www.google.com/maps/search/?api=1&query=Hannaford%20Tyre%20and%20Suspension%20NSW&query_place_id=ChIJUa_84LdxD2sRgGWxdj0cins,listing,not contacted / not confirmed,2026-10-10
dubbo-friends,Dubbo Friends Auto Care,Vehicles & caravans,Vehicle mechanical servicing and repairs,Dubbo,1/15 McKenzie St,02 5806 0360,,https://www.google.com/maps/search/?api=1&query=Dubbo%20Friends%20Auto%20Care%20NSW&query_place_id=ChIJIUg9hy1xD2sRHe8APh-Nv08,listing,not contacted / not confirmed,2026-10-10
ace-auto,Ace Automotive,Vehicles & caravans,Automotive repair and servicing; confirm vehicle work required,Dubbo,5 Mansour St,02 5806 0362,,https://www.google.com/maps/search/?api=1&query=Ace%20Automotive%20NSW&query_place_id=ChIJGSNE5U1wD2sRz3xla4LS8NA,listing,not contacted / not confirmed,2026-10-10
